Age,Gender,SocioeconomicStatus,Grades,Attendance,TimeSpentOnHomework,ClassParticipation,AcademicPerformanceStatus
1.5180278448703484,0,0,-0.07425887328493964,1.763893550992337,0.8991385178319224,2,1
0.0199740505903989,0,1,-0.9424193221383071,1.4136259719330238,0.9059547112111281,2,1
0.5193253153503821,0,1,0.49446188190307266,-0.4021804145562119,-0.6459149174852008,1,1
1.5180278448703484,1,1,1.66805349869491,-1.0201260831956158,-0.30570042055911906,2,1
-0.47937721416958423,0,2,0.3662426054213341,0.011155403208359421,-1.0028588683817132,0,1
0.5193253153503821,1,2,-0.4855225580018784,0.8953043824537392,1.6570951251128194,0,1
0.5193253153503821,1,2,0.5199144102686482,0.022289360800938136,0.5091386467401853,2,1
1.5180278448703484,1,1,-1.299894198775515,-0.010616921644187486,1.5113552245202497,1,0
-0.9787284789295674,0,2,1.3549084635491948,1.2338550507813295,-0.6778691633600883,2,1
-0.47937721416958423,1,2,0.018125721716942586,-0.4374535840557415,0.9818659027841935,0,1
1.5180278448703484,1,2,-0.16816991147325003,1.3094391735774775,0.9262566642286221,0,1
-0.47937721416958423,0,0,0.3051255479356096,-0.2783200264477592,0.6688775087383545,2,1
-0.47937721416958423,1,1,0.44005734960474135,-0.5537189685231665,1.6192111068482373,1,1
0.5193253153503821,1,2,-1.4772126441673696,-0.11293312218421053,-0.3651078527000351,2,0
0.0199740505903989,1,2,0.6405646685283406,0.9682290476632521,-1.2767830271412373,2,1
-0.47937721416958423,1,2,-0.8872849789492834,-1.262552151911363,0.5996904247639733,0,1
1.0186765801103652,1,2,0.7492040329693738,-1.0157352923048741,0.7994840072976147,2,1
0.5193253153503821,1,2,1.1256566331733397,1.6306789597080686,0.26445792943700264,2,1
-0.9787284789295674,0,0,1.0612529469785308,-1.0890878617061555,-1.012821968580877,2,1
0.0199740505903989,1,1,0.18945371963360308,0.2857239435597481,0.01955998112765346,1,1
1.0186765801103652,1,1,0.07736240484262978,0.32633765936481557,-0.6473310990309059,0,1
1.0186765801103652,0,2,-1.230709555590755,0.011968314286348022,-0.24748410550630454,2,0
-0.9787284789295674,1,2,0.9620543672063616,0.555676838770672,0.5078067070782727,2,1
0.0199740505903989,0,1,-0.7850862690458487,-0.8986397802521916,0.8546516020768263,2,1
0.5193253153503821,1,1,-0.0040232014684324306,0.2329199552994311,-0.9246964095519064,2,1
-1.4780797436895505,1,1,-0.7404845188087025,-0.39970586413855025,-0.32428255854442944,2,1
0.0199740505903989,1,0,-1.2620774327972097,0.6149895966969975,-0.7965778156042219,0,0
-0.9787284789295674,1,1,0.45660815527751525,-1.2091997423264595,-1.0412167487400967,2,1
1.0186765801103652,1,2,-1.5376899176780434,0.29676524671343035,0.9870559661666659,2,0
0.5193253153503821,1,1,0.8694827220441396,-1.05481277909257,1.4236306734116264,1,1
0.0199740505903989,1,2,-0.624989918255066,-0.7275353181881382,-0.44600611024532694,2,1
-1.4780797436895505,1,1,-1.7255912257647676,-0.9376053327202645,0.8756857129373405,1,0
-1.4780797436895505,1,2,0.04601826006343987,-1.0633391157190453,1.3811148599615535,2,1
-0.47937721416958423,1,1,-1.563623394641728,1.1899734894955631,1.2046643563752772,0,0
-0.47937721416958423,1,0,-0.7685828110288316,-0.7027737666975447,-1.0960835588802873,0,1
1.5180278448703484,0,1,0.7250178508342112,1.5454321070213495,1.5867899465807593,2,1
-0.9787284789295674,0,2,-1.5087142993306577,1.6954585285145671,-0.42365368483913823,2,0
0.0199740505903989,1,0,1.1839147824415293,0.2981078729285904,-0.5535027514046723,1,1
0.0199740505903989,0,2,-1.712814594118792,-1.2029692103909138,-1.513638598386629,2,0
1.5180278448703484,0,2,-0.8703238391532286,-0.3913813750600453,-0.04385363071996544,0,1
1.0186765801103652,1,2,0.8426441831293663,1.091906353390669,-1.352064115827078,2,1
1.0186765801103652,0,2,-0.6295547070327613,-0.41646893317616107,-0.8681060447483262,2,1
1.5180278448703484,0,2,-1.372798941707521,-1.399196464762331,-0.6308453274309885,0,0
1.0186765801103652,1,0,-0.4771330302545294,0.24737008977229114,1.075293580258889,0,1
-0.47937721416958423,1,2,-0.7886090507362148,1.2580064610305512,1.3065173211750767,2,1
0.0199740505903989,0,2,1.1956103397091107,1.0855766389233121,-0.6810575746128278,2,1
1.5180278448703484,0,2,-0.6396860386442099,-1.0903794336741746,1.2482779955675303,1,1
0.0199740505903989,1,2,1.0091579238088673,0.653886552611163,1.2431889481265872,1,1
-1.4780797436895505,1,1,1.3660481063947516,-0.9313156218907321,0.9220676804069049,0,1
-0.47937721416958423,1,2,-0.22202022240218547,-0.9393658071710947,-1.2213627523727009,0,1
0.5193253153503821,1,0,1.4286999679955215,1.3594813396189047,0.664254565549623,0,1
-0.47937721416958423,0,1,-0.41790260977802185,-0.8290914742190579,1.547706600646815,1,1
1.5180278448703484,1,2,1.6163860832290486,-0.781498314004391,0.637260784255173,0,1
0.5193253153503821,1,1,-1.4164928659007279,-1.701907341188667,-0.5799465679920536,2,0
-1.4780797436895505,0,2,0.6558264883627931,1.3475545157546833,0.006113592437293072,2,1
1.5180278448703484,1,1,-0.014012907541974153,1.0738992539085381,0.5095634311069464,2,1
-0.9787284789295674,1,2,-0.38208606133078116,0.4946315184139207,0.04076851093424928,1,1
0.0199740505903989,0,2,0.46754365279386795,0.9255331616721999,-1.3141201672866092,0,1
-1.4780797436895505,0,2,0.7142029559406158,-1.1712573234782013,-0.6477670717403279,2,1
0.0199740505903989,0,2,-1.7109308188806565,-0.0977432778495758,1.0529895825232614,1,0
1.0186765801103652,0,2,-1.1472345440292766,-0.4731505445855029,1.2577122776913716,1,0
-0.9787284789295674,1,0,0.7460609282713943,-1.3755046473301216,-1.253950361374549,1,1
-0.9787284789295674,1,1,0.5842892537789793,-0.0002783035412972283,1.5732446863928797,1,1
-1.4780797436895505,0,2,1.6232128817123659,1.523055307576455,-0.5896385879791629,2,1
-0.9787284789295674,1,1,0.9124475138257899,-1.5637876806054176,0.567102679746093,0,1
0.5193253153503821,1,0,1.570255406024061,-0.6826079124384175,0.8775803272365393,1,1
-0.9787284789295674,1,0,0.7096383593457595,-0.9767529335394367,1.0861152476091287,1,1
0.0199740505903989,1,2,-0.6927160143326869,-0.8694778877279193,1.5502235342538755,2,1
0.0199740505903989,1,0,-1.3607597218156315,1.4799251308999255,-0.6447996882069749,0,0
1.5180278448703484,1,2,0.9845124932755799,-0.06358480300179041,1.2476131839441276,2,1
0.0199740505903989,1,2,0.5071967351664122,-0.06978751173366521,-1.2734199600293556,2,1
1.5180278448703484,1,1,-1.558998078102641,0.9616699616543587,0.7153053602602252,2,0
0.0199740505903989,0,2,-0.47776905849175133,-1.1626922170906306,0.8434237567419132,2,1
0.5193253153503821,0,1,1.5911512911867094,0.0036994862883715568,0.6205518011970916,1,1
1.5180278448703484,0,0,0.00882447990299844,-0.19707115888172413,-0.8550124421618721,0,1
-0.47937721416958423,0,2,-0.22579328390364836,0.38801357746117654,1.2980348923975822,2,1
1.0186765801103652,1,2,-0.1392210709971936,1.7993177493085177,-1.1444873598213947,2,1
-1.4780797436895505,1,1,-1.0018651763033233,0.992771290221566,-1.544150103149244,0,1
0.0199740505903989,0,2,-0.44775640230149455,-0.3096521506388937,0.7583993141180675,2,1
-0.9787284789295674,0,1,-0.44392162305997634,1.1964301732402136,-0.08096030792409938,2,1
0.0199740505903989,0,2,-1.5445441954643742,-1.1058535157963796,1.2149792579508671,2,0
-0.9787284789295674,1,1,0.9350863575554373,-1.5974203013174273,-0.4003423842420102,1,1
1.0186765801103652,1,0,-0.28204407083149774,-0.9875925721615547,-1.1464987032778764,1,1
1.0186765801103652,1,2,1.1244261743722794,-0.5110327014838663,1.1710814837169048,2,1
1.0186765801103652,1,2,1.2220845713780168,0.08542150331916926,0.17375124581793372,0,1
-0.9787284789295674,0,2,-0.9910782430777667,0.45187043885755557,-1.0739456683650572,0,1
0.0199740505903989,0,2,0.5529756935712968,1.48753520771273,0.7685241323621959,2,1
1.0186765801103652,1,2,-0.08866482274513056,0.08287420426158995,0.04265274785408003,1,1
0.5193253153503821,0,2,1.325430980067162,0.0528064729139728,0.3659223052453686,1,1
1.5180278448703484,0,0,-0.9780887565703604,-1.5280924759246355,-0.13152313411490732,0,1
-0.9787284789295674,1,2,0.6239092056696587,-1.581830238225786,1.144258216111221,2,1
-0.9787284789295674,1,0,0.3810085804500093,0.22765427478710834,1.1472194550109422,2,1
0.0199740505903989,1,0,-0.7022527544837172,-0.16835275788751558,0.7303864611913227,0,1
-0.9787284789295674,1,1,-1.2524650791714171,1.2371847715635431,-1.364593460042233,0,0
-0.9787284789295674,1,0,0.533166312813705,-1.1410050421483762,1.1794465566797796,0,1
1.0186765801103652,1,1,0.8346472450767285,-1.6166702060960134,0.5972767124576586,1,1
0.0199740505903989,1,0,-0.6317833049269879,-0.13028720387685913,0.68749863973904,0,1
1.0186765801103652,1,2,0.509566011409185,-0.871819611201298,-0.4711510581168031,0,1
1.5180278448703484,0,0,-0.35614573409048716,-1.5302958880068238,1.3196663883056639,2,1
1.5180278448703484,1,0,0.7466185324634913,0.8355669720403023,0.7858240371945405,2,1
1.0186765801103652,0,0,-1.0353820661154765,-1.3130567391936647,-1.3396575155553445,2,0
1.5180278448703484,1,2,1.360302821260127,0.4280022024360974,-0.315775258721754,0,1
0.0199740505903989,0,2,-0.7296137787217343,-0.7190997223201773,1.3442961148329038,1,1
-1.4780797436895505,1,1,-0.45095012924997047,-1.096082489987632,-1.5664811450204947,2,1
1.0186765801103652,1,2,-1.5246543453184438,-0.37314353921368926,1.6045655205272518,1,0
0.5193253153503821,0,1,-1.3394471665008267,1.1049224594264169,0.6255442251963371,0,0
0.5193253153503821,0,2,0.06242667453541702,-0.32988383101024055,0.4597925214243504,1,1
-0.9787284789295674,0,2,-0.7983187191489188,0.9272993125794967,-0.7917298289811695,2,1
1.5180278448703484,1,0,1.1705382344530542,-1.2643598230982853,-0.8672320737555753,2,1
0.5193253153503821,1,2,-1.6751164632584288,1.0044169601718165,1.5374193240246021,0,0
-0.9787284789295674,0,0,-0.4117452648284112,-0.8737306845584922,-0.6956043327197178,2,1
-1.4780797436895505,0,1,-0.5564866461398363,0.6701098027414637,0.9597168697036242,1,1
0.0199740505903989,0,0,-1.6590496202376104,0.27890391639007933,-0.3666116144129204,0,0
0.0199740505903989,0,0,-1.2948749750799144,1.5525156178797543,-1.2471726202841877,2,0
0.0199740505903989,1,2,-0.29196573604443776,-0.3466067052860908,-1.693019882849774,0,1
0.5193253153503821,0,2,-0.01730465618068472,-1.4722841948377394,0.1576143808605933,1,1
-1.4780797436895505,1,2,-0.32439218508229317,-1.6370562861922997,1.654381983786983,2,1
0.5193253153503821,1,1,0.11469414521504734,1.1939959357073275,-0.449807647833438,2,1
1.5180278448703484,1,2,0.3372536934835286,0.13503528623725594,-0.49123590388035426,1,1
0.5193253153503821,0,2,-1.6916524767838914,1.0130836980009368,-0.5366768108525575,2,0
-1.4780797436895505,1,1,-0.11704778763123123,-0.8825204246898858,0.07536216483563249,2,1
-1.4780797436895505,1,2,1.614378090776391,-0.49465637139226815,-0.20170452926995047,0,1
1.5180278448703484,0,1,0.07341832179775402,-1.598681473314409,1.3218691825938669,2,1
-1.4780797436895505,1,1,0.6229698858540438,1.6658961019750251,0.023253500758098882,2,1
-1.4780797436895505,0,1,-0.6448312495270441,0.636723271117113,0.031012879649897712,2,1
0.0199740505903989,1,0,0.9573573937116545,1.5667474827944345,-1.2502335607928257,0,1
1.5180278448703484,1,2,0.9536480806133717,-0.7736152080918318,1.6785258194230677,2,1
-0.47937721416958423,0,0,0.08126676721597952,0.43902251834198885,-0.8631353242794468,2,1
-0.47937721416958423,1,2,1.6577659456535538,0.673989343896643,-1.4757174936082427,2,1
-1.4780797436895505,1,2,-1.2907776389343855,-0.5911650047885209,0.569990309716741,2,0
-0.47937721416958423,1,2,-1.667300923989097,1.2684809411464313,0.334890248452135,2,0
-0.47937721416958423,1,2,0.944067867773779,1.6156654924625422,-0.2902200667329567,0,1
-1.4780797436895505,0,1,1.072336997664038,1.3972776685250514,-0.2657784272340284,2,1
-0.47937721416958423,1,2,-1.309301683796189,0.886280675686632,0.9928717410926337,0,0
0.5193253153503821,0,1,-0.805286815011978,-0.7316656292099215,-1.0513414483160137,1,1
-0.9787284789295674,1,2,-1.6652044441429814,-0.7171148319561231,1.1149290499285733,2,0
1.5180278448703484,0,2,-0.7091619914381131,1.6724435499477284,0.5200457303145964,0,1
-0.9787284789295674,0,1,0.954412176262694,-1.6681496862619676,-0.27695579403390863,1,1
-1.4780797436895505,0,1,0.06970257349097564,0.80560457253641,-0.14147699861089563,0,1
0.0199740505903989,1,2,-0.5192164090280351,0.7712415734680981,-0.8399849114660185,2,1
1.5180278448703484,1,2,-0.43724407725805375,0.4783701378515727,0.8785833951313964,0,1
-1.4780797436895505,1,1,-1.7213652057575366,1.7661988856055602,0.04876128068415323,2,0
0.0199740505903989,0,0,-0.6866546208752389,-0.6110396535085753,-0.6172765090929145,2,1
-0.9787284789295674,0,1,0.5152038042390825,-0.5125738518895429,0.3372618760827904,1,1
-1.4780797436895505,0,2,1.6514581864626656,-1.4275097370628296,1.7235997330774535,2,1
1.5180278448703484,1,0,1.210687991779484,-0.1521610259410762,-0.2204439029443751,1,1
1.5180278448703484,0,1,-1.6442548431762782,-0.7892053232230433,1.4633067632569932,1,0
1.0186765801103652,0,1,1.3892368886372735,-0.5006046195196795,-0.5334676023036898,1,1
0.5193253153503821,1,1,0.989278035748018,1.2210313099231669,-1.5403418936440008,2,1
-0.47937721416958423,1,2,0.9794932028792581,1.5747370195215573,-1.0217562959477264,0,1
0.0199740505903989,0,1,-0.13819431040585117,-1.0531909270032387,-0.27790837225001636,1,1
1.0186765801103652,0,2,-0.3461802865653215,-0.3985292966814374,-0.9683650312908508,1,1
-0.47937721416958423,0,1,-0.6758542684305825,1.5507134705658996,-1.7293992698981768,2,1
-0.47937721416958423,1,2,-1.4982951900728696,-1.4875548125573699,1.4435710072993546,1,0
-1.4780797436895505,0,0,-0.9347698879954603,-1.3804678136450725,1.1968780861429678,1,1
-0.47937721416958423,1,0,-0.8710873876477417,-1.1336044309992404,0.8445146325947485,1,1
0.5193253153503821,1,2,-0.04777082774112363,0.3820624794203771,-1.1481081005224578,0,1
1.5180278448703484,1,2,0.865319472408453,-1.1767823457465902,-1.3126958479626865,0,1
1.0186765801103652,0,2,-0.08336718742013563,1.6889736528930366,-1.495694159769991,2,1
-0.47937721416958423,0,2,-1.5255124329472978,-0.1384338197779367,0.781167773087173,2,0
-1.4780797436895505,0,2,1.594583554927546,0.05365580541120428,1.491459716097771,2,1
0.5193253153503821,1,1,1.5423517727058091,-0.8396429024942968,-0.23683801222190415,2,1
-0.9787284789295674,0,0,0.9961812507543584,-0.05345096379974687,-1.3169375913920032,2,1
1.5180278448703484,1,2,1.7108596075445044,0.6158531502384362,0.04708969623534381,2,1
1.5180278448703484,0,1,0.1616532430550568,0.9287275838282818,-0.5202347280846165,2,1
1.0186765801103652,1,2,1.611844104760458,0.9381595250861421,-0.4300758200111592,1,1
1.5180278448703484,1,2,-1.4639367504287617,0.3213487104108617,0.42494939007698707,2,0
-0.47937721416958423,1,0,-0.45824896055115544,1.465642770826614,0.7627458726689452,0,1
-1.4780797436895505,1,2,-0.9446649909175915,1.1608705648394175,-1.34654912875681,2,1
1.5180278448703484,0,2,-1.0471080668129142,0.9493057456482668,-1.6067391399459576,0,0
1.5180278448703484,0,1,-1.2378966562372544,-1.5092965203673834,1.7187293259944905,0,0
-0.9787284789295674,1,2,0.4318398309333454,-1.6800898102249056,-0.922949430476977,1,1
-0.9787284789295674,0,2,0.9827720410485994,-0.9595558867741566,-1.5434711858625036,2,1
0.0199740505903989,1,1,0.27889299945404683,0.6214961700405612,-1.0715886396436265,2,1
0.5193253153503821,0,1,-1.216540865466744,-0.26292336732252736,-1.595058289610433,0,0
-0.47937721416958423,0,2,1.0860947958403449,-0.2937372032508555,-0.3711585908854698,0,1
1.5180278448703484,0,1,0.47878648649491523,1.396337506663707,1.0530095403886843,2,1
1.5180278448703484,1,2,-0.3802939750579409,1.4348089655627063,-0.5465524465790302,2,1
-1.4780797436895505,0,1,0.6111406343454691,1.4825213756220266,-0.1895002424810854,0,1
0.0199740505903989,0,1,-0.8249718420727752,-0.6040342866702728,0.6131412882193154,1,1
0.5193253153503821,1,1,-0.5292823967653292,0.7179984016805223,0.034953992994509915,0,1
0.0199740505903989,1,0,1.4548503844774585,-0.752105413516693,1.25780814903791,0,1
1.0186765801103652,0,0,-0.7188837785284503,-1.0360975597982054,1.273728901917096,2,1
0.5193253153503821,0,0,-0.09661647500394147,-1.0570486535209203,-1.695810711496861,2,1
1.5180278448703484,0,2,1.3600467316663845,-0.5050878833654217,0.9685305701948638,2,1
1.5180278448703484,0,1,0.7276002781634604,-0.19716787885649062,-0.13209454123922906,2,1
0.5193253153503821,0,2,-1.5104006245189776,1.2083337921732331,1.699687638996088,2,0
1.5180278448703484,1,2,-1.2153609305947448,-1.2839713775064792,-0.054056735741904845,0,0
-0.47937721416958423,1,0,-1.6988715357725386,0.8717657486995104,1.6929426487894415,0,0
0.5193253153503821,1,1,0.4613374448303808,0.15858679089615155,0.8870988625957629,0,1
0.0199740505903989,0,2,-0.17398167413227403,-0.69493021859008,-0.8678803660247398,1,1
0.5193253153503821,1,1,-1.260529466455591,0.023167428018617948,0.13728031291735163,0,0
1.5180278448703484,0,2,1.5950839102726047,-0.6528809037509956,1.7111169569043247,0,1
-0.47937721416958423,0,2,0.11026349773550338,0.38510880588426205,1.244228379391836,2,1
-0.47937721416958423,0,2,-0.8874180632933969,-0.1835461318414645,-1.392461724499954,1,1
1.0186765801103652,1,2,0.00952628564727686,-1.127945362917292,0.7199223565326424,2,1
0.0199740505903989,0,2,0.6301745045784685,-1.2955662006414723,-0.5315156718968258,0,1
-0.9787284789295674,1,2,-1.4617380677829686,0.21200668131270206,-1.7059682233324158,2,0
-0.9787284789295674,0,2,-0.773664517531883,1.4588193135377776,-0.33067998194510057,0,1
0.5193253153503821,1,0,1.0716781095865395,-0.4986032818412986,-0.9159218309898529,2,1
1.0186765801103652,1,0,-0.13240752816324278,0.8650159031691284,1.1101283646065176,0,1
-1.4780797436895505,0,2,0.16891591280387405,0.6044537037324118,-0.5601279243494575,1,1
0.5193253153503821,1,2,-0.22549212022776216,1.5609635166888103,1.140146941134851,2,1
1.0186765801103652,1,2,-1.5738578126506726,1.1733947598757164,-1.7281127707306985,2,0
0.0199740505903989,0,2,-1.1514063966301162,0.2817910531273994,-0.6624908364328854,1,0
0.0199740505903989,0,1,-0.18137254405575085,0.5987374440812416,-0.8936854718336451,0,1
0.0199740505903989,0,0,-1.0008155767531828,1.4447059333174919,-0.9200392481039068,2,1
0.0199740505903989,0,1,-1.5527817196878164,-0.30385799138316233,-1.4936758949997382,2,0
0.0199740505903989,0,0,1.19886154502899,-0.5587606541770894,-1.0811309120223933,2,1
1.0186765801103652,1,2,1.6757204352525048,-1.666303961858939,0.19678241547383604,2,1
1.0186765801103652,1,2,1.0237553202549414,1.1929181743840602,-0.7195770251771144,1,1
-0.47937721416958423,1,2,1.2340003194940878,1.1032923381944133,-0.2824187808808926,1,1
-0.9787284789295674,0,0,-0.8871274045286416,-1.338077586009156,-0.42299312838632064,0,1
1.5180278448703484,0,2,1.6044199931481347,0.3177254135301504,1.3079612037344588,2,1
0.0199740505903989,1,2,-1.0433199698265376,-0.07791125393213681,1.4099169569932544,0,0
-1.4780797436895505,1,1,1.5725335702231598,-1.288114357845369,-0.020325138199548582,0,1
1.5180278448703484,0,2,1.7229642085695351,1.7327583905595765,-0.585013815109374,2,1
1.0186765801103652,1,1,0.7414732596315188,-0.9516743603954768,-1.3597397810963272,2,1
-1.4780797436895505,0,2,1.6755512555514789,-1.468537310415822,1.5767692060616638,2,1
-1.4780797436895505,0,2,0.2485270059893623,0.38078153700540546,-1.5212846792152164,0,1
-1.4780797436895505,0,2,-0.8262310369657927,0.8855786152414176,-0.6977624034452347,0,1
-0.47937721416958423,1,1,-0.21100053184521117,-1.5904811136675479,-0.6963197383659904,2,1
1.0186765801103652,0,1,0.33180796493182135,0.6046509820959777,-0.6188486667678774,0,1
-1.4780797436895505,0,2,-1.4726856099121073,0.16152039673285143,-1.1603443985746744,1,0
0.0199740505903989,0,1,0.43159583518953737,-1.3422468938119532,0.9862727982764496,0,1
0.5193253153503821,0,1,1.6756694969328643,-1.0994900215080765,-1.3052929030070404,0,1
-1.4780797436895505,0,1,-1.0669580551654054,0.28658962249303227,0.4720389794252752,1,0
-0.47937721416958423,0,0,1.021856253133539,-0.6654446579058894,-1.3006166831840764,2,1
1.5180278448703484,1,2,1.421612239329344,1.5846606141083226,-1.4855281342662674,1,1
1.0186765801103652,0,2,1.545739964918442,1.1655406517068132,1.4242439507731315,2,1
-0.47937721416958423,0,1,1.6027164174596438,1.7432700101163612,-1.0707095718783486,0,1
-1.4780797436895505,1,2,0.08183393480228285,-0.7940342074583101,1.1183866559054405,2,1
1.0186765801103652,0,2,1.6622525164346285,1.694747376837576,0.1589100144530047,1,1
0.5193253153503821,0,2,0.8995240434107701,-0.1926945389109426,-1.4601350553697763,2,1
-1.4780797436895505,0,1,-1.1655459479143238,-0.4861213622311314,1.5838635384512678,0,0
-0.47937721416958423,1,1,-0.07265324329987667,-1.52771912634472,-0.873581735225057,2,1
-0.9787284789295674,1,1,0.7643843703128835,-1.519251831230383,1.2515635199696415,2,1
0.0199740505903989,0,2,-0.8685333270788463,0.7213472927489094,-1.1446554389268189,1,1
1.5180278448703484,0,2,0.4949442827944565,-0.09912637725263375,1.231784059256816,0,1
-0.47937721416958423,1,1,0.5850348822818388,-0.9102243715558062,-1.6843015494719724,0,1
1.0186765801103652,0,1,-1.161980822184224,0.44780864897243666,0.04496566098093647,2,0
-1.4780797436895505,0,1,0.23308344050197338,-0.8179132400665597,0.9386878381841236,1,1
0.0199740505903989,0,0,0.9491598242360089,0.32043964239511047,1.5122280472927812,1,1
-1.4780797436895505,0,1,0.0036050010051031133,-0.4451473153897604,1.4234553080480936,1,1
1.0186765801103652,1,2,-1.6840968939955334,1.1824070170518164,1.112749221720412,2,0
-1.4780797436895505,1,2,-1.6947219780261464,1.1723963190582842,1.350577674005263,0,0
-0.9787284789295674,1,2,-0.48824323939567704,-0.03105308430932447,-1.0391769729274278,2,1
0.0199740505903989,0,1,1.485041660839809,-0.47455354526079024,-0.7444702644602786,0,1
0.0199740505903989,1,1,-0.9332395054770615,-0.4334016669730772,-0.7278757735903265,2,1
1.0186765801103652,1,2,0.47327045179221555,1.1198847060359656,-0.4223443278705689,0,1
1.5180278448703484,1,2,-0.9561247499777977,-0.5539069202349372,-0.3659218099743095,0,1
-0.9787284789295674,0,2,-0.6108335492728333,-0.9714307105688456,0.1586479753949332,1,1
-0.47937721416958423,0,2,1.2140900134143928,-1.407359329291616,-1.1756307161951003,2,1
-1.4780797436895505,1,1,0.8008926354461637,-0.06840753958148701,0.6674589000823546,2,1
0.5193253153503821,1,0,-1.39531045173861,-0.014292909587953215,-1.1489685042603466,1,0
-1.4780797436895505,0,2,-0.23975522663328602,1.2432426304057493,-0.65385638422746,2,1
-1.4780797436895505,1,1,-1.6249271051502998,-0.9287413860493088,0.015707041972776146,2,0
-0.47937721416958423,1,0,-0.058819838643163584,-0.3687981315761611,1.0323325504031304,0,1
-1.4780797436895505,1,2,0.5705898073378932,1.129317584792314,0.8347228319501176,2,1
-0.9787284789295674,1,2,-1.3152115235907043,1.1826572231315624,0.5089020178352964,0,0
-0.9787284789295674,1,2,-0.7244987903159472,-0.3561104872109867,-1.189874457456769,2,1
0.0199740505903989,1,0,-0.3467650538964134,-0.09493772279347837,0.16728481704564296,0,1
1.0186765801103652,1,2,1.4619409957648724,-0.6411605917151432,-1.4268714166621799,2,1
1.5180278448703484,0,1,1.7175408801446084,1.5644684564384577,-0.4212716835016715,0,1
0.5193253153503821,1,2,-1.5703514565228378,-1.2883433429627393,-0.2958708157311852,2,0
-1.4780797436895505,0,0,0.9123439662675894,1.5686554134977844,-1.5920975320380317,2,1
-1.4780797436895505,0,1,-0.43729687423523717,0.6927992204709477,-0.7798366062551322,2,1
-0.47937721416958423,1,2,-0.3654120159224651,0.15899771951426667,1.5845616801478604,2,1
1.0186765801103652,0,2,0.8889662670902548,-1.589725369880372,1.577566037998298,1,1
-0.9787284789295674,1,2,1.458111391384134,-0.03720169237523561,-0.5081115251562198,1,1
0.5193253153503821,0,2,1.5707958629402288,-0.2750136839181829,-1.5806905125063866,1,1
0.0199740505903989,1,0,0.27481647346331844,-1.1391150152458376,-1.1089813045323398,0,1
-0.9787284789295674,1,1,-0.48792491712888764,0.5965611673426864,-0.3697472290134146,2,1
1.0186765801103652,1,1,1.00436174719366,1.6997500677601345,1.557264740758474,2,1
1.5180278448703484,0,1,-0.8558404654274585,0.266311113959821,-1.2404262536155035,0,1
0.0199740505903989,0,0,0.22957733653956422,0.8010595652640838,0.9181304697880398,2,1
1.5180278448703484,0,2,-0.4828724738715353,-1.464274195666287,-1.3532124809736743,2,1
-0.47937721416958423,1,1,0.5504711151090359,-0.24024732146024272,1.6733855075752357,1,1
-0.47937721416958423,0,0,-0.8925990588271432,-1.2963534011788012,-0.40651868668792324,0,1
-1.4780797436895505,1,0,-1.0618085581099534,0.44369205187487853,0.958777724028443,0,0
1.5180278448703484,0,0,1.4574618676678281,1.5852439606350393,-0.5418815395358582,0,1
1.0186765801103652,1,0,-1.373106480912595,0.6153768112509506,0.4469341397596107,2,0
0.5193253153503821,1,1,0.02808968402816846,-1.4349978000801855,-1.0641632533511354,0,1
0.0199740505903989,1,2,-0.9603651753698836,-0.4610692228415656,-1.2237009051152898,1,1
-0.9787284789295674,1,2,-1.5910886506135478,0.2259137206608961,1.5235655306811002,1,0
1.0186765801103652,0,0,-1.6011815433940966,-0.2909279043121484,1.4527479737357512,1,0
1.0186765801103652,1,2,-1.1185671524725707,1.2177793809794495,1.3480719376636974,2,0
-0.47937721416958423,0,2,1.279020605131299,1.151277752148081,0.4391803781420822,2,1
1.5180278448703484,1,2,-0.746708964601624,0.4403103105404043,1.0733577221188633,2,1
-1.4780797436895505,0,1,1.5691683777717984,-0.39520294188117183,-1.4907265003330097,1,1
-1.4780797436895505,1,2,0.2904168847327246,-0.8092267920507116,-0.5689435575029244,2,1
0.0199740505903989,1,0,-0.21232386535021308,-1.3331010935494703,-0.6420817881450624,0,1
-0.47937721416958423,0,0,0.28510040952364896,-0.4602578755211771,0.47460109184613297,2,1
1.0186765801103652,1,1,0.06532674589108538,-0.2560007635855287,-0.495518078170309,0,1
0.5193253153503821,1,1,0.9046068033564406,0.664606132048464,-1.2150788348166834,2,1
-0.47937721416958423,0,1,-0.7466489095220739,0.6026958059576748,0.33870813478933565,0,1
0.0199740505903989,0,2,-0.5020382029492062,-1.4584638938110859,1.0945705612696113,2,1
0.0199740505903989,1,0,1.3737522913017288,-0.31878770996976374,-0.4047601317875465,2,1
-0.47937721416958423,1,1,1.5552912291751055,-1.0670506739709869,-1.2714018986248516,2,1
0.0199740505903989,0,2,1.36842674394231,-1.1545587078904955,-1.0479576482180666,2,1
-0.47937721416958423,1,0,-0.2718387887693645,1.1955507434028072,-0.906456475250801,0,1
-0.9787284789295674,1,2,0.9794563815551885,-1.5572819366259074,-0.6899674058205015,2,1
-0.47937721416958423,1,2,-0.07460991594739226,-0.23493406240041811,0.49940058031240203,2,1
1.5180278448703484,0,2,-0.0010955786363230943,-1.1146326799211472,0.35424186364540966,0,1
-0.47937721416958423,0,2,-1.0164355744002838,1.3779125248126254,0.684223242454141,2,1
0.0199740505903989,1,1,0.32338100265742725,0.24826599275196823,-0.4728189460950911,2,1
1.5180278448703484,1,2,-1.0807280552588572,-0.89319322181775,1.1279165753975073,2,0
0.0199740505903989,1,2,-0.5765287516858281,0.05684305550570338,-1.0222920018178672,2,1
-1.4780797436895505,0,0,1.2383176848327229,0.8597101188915824,-0.10328052050500741,2,1
-1.4780797436895505,1,2,-1.0081297206898236,1.6540689044289694,1.0479347868519902,2,1
1.5180278448703484,1,2,-1.4793535796773358,-0.9315198241711987,-1.1052917448073771,0,0
-0.9787284789295674,0,1,-1.486809996023108,1.4019276792721849,-1.3491175620886864,2,0
-1.4780797436895505,1,2,1.5356265223439798,1.5705996423930495,1.3349434504488984,2,1
-0.47937721416958423,0,1,0.031426760767357516,1.5079165586058023,-0.5407071472542464,2,1
0.0199740505903989,1,1,-0.3066331686180301,0.5229714516975672,0.6418727708043502,0,1
-1.4780797436895505,1,2,1.0852447297984706,0.5033651580395775,-1.6422630604600867,0,1
-1.4780797436895505,1,0,1.1717367782830026,-0.2909178200613157,0.6632973809199458,2,1
-0.9787284789295674,0,1,-0.5743572616634965,0.9330063762953855,-0.633763480838547,0,1
1.5180278448703484,0,2,0.6787043900006985,0.15802284043640646,-1.536845054371946,2,1
1.5180278448703484,0,0,0.9474121345794133,0.670267325081909,0.38499874023974845,2,1
1.0186765801103652,1,1,0.5436051459373097,-0.20242448149668033,-0.8949390112110236,1,1
-0.9787284789295674,0,2,-1.2004805301505628,0.8597455352656745,-0.3885141696376796,2,0
-0.47937721416958423,1,2,1.310614289322567,1.1856291922381403,-1.4506856230809262,2,1
1.5180278448703484,1,2,0.14297389665558283,-1.1909288407785465,-1.2197389805682737,0,1
0.0199740505903989,0,1,-0.7467308676430606,1.2152757305317223,-0.6966283230936438,2,1
-0.9787284789295674,1,2,-0.2517989583327709,0.18957724012954272,-1.418848591013549,0,1
-1.4780797436895505,1,2,-1.595799841087009,1.2564118580780566,1.4290887307063511,2,0
0.0199740505903989,1,2,-1.2827460711216303,-0.19245676735861117,-1.709212105980858,2,0
0.0199740505903989,1,1,0.9280800061859831,-0.3756357723847663,-0.051877970336266795,2,1
-1.4780797436895505,1,2,-1.7260178667254595,1.5031503283621201,-1.3026928673068465,1,0
-0.9787284789295674,0,1,-0.2818312098864991,-0.8238327724752209,-0.6629766479160237,2,1
-1.4780797436895505,1,2,0.08547614819863973,1.2548220171136741,1.4819266625707928,1,1
1.0186765801103652,0,1,-1.5366415531531654,-0.007673685872680453,-1.1693359687584775,2,0
0.0199740505903989,0,0,1.647588058819006,0.09774070494278789,1.6198817379144608,2,1
0.5193253153503821,1,2,-0.9420853356808135,-0.6229959728308626,-1.016372118158433,0,1
0.5193253153503821,1,2,-0.6714061600533999,0.3043529557558894,0.8419960154255911,2,1
-0.47937721416958423,1,1,-0.6722944269030972,-0.5643109590548472,0.16600809892629376,1,1
1.5180278448703484,0,2,-0.9272073609238378,-1.5665556477239242,1.3377001402881223,2,1
-1.4780797436895505,1,0,-1.7209484868825706,-0.7508245781989243,0.19138421156658508,0,0
-1.4780797436895505,0,0,0.8025684083868708,-1.681838553367328,0.12397566473217411,0,1
-0.47937721416958423,1,2,1.6259795163372874,1.7250001382615794,-1.05222468708039,2,1
-0.47937721416958423,0,2,-0.9484363229658106,1.680809753656118,-1.1536066130847766,2,1
-0.47937721416958423,1,2,0.5727156928418574,-0.3191522997336126,1.4487309161107764,1,1
0.0199740505903989,1,0,0.8460843699778156,0.8487900683804616,-0.5930531259056085,0,1
1.0186765801103652,0,2,1.215418871877746,-0.492124477139517,-0.4395889934215805,2,1
-1.4780797436895505,0,2,-0.26080960919133095,0.6480279851227301,0.9053238228713443,2,1
0.0199740505903989,1,2,-0.6758016506851969,1.1188875757980237,-0.5549497700720863,2,1
-0.47937721416958423,0,2,-0.5982652323582556,1.614245176082623,1.572119805302676,1,1
-1.4780797436895505,1,1,0.7445884394395121,-0.30142725905096884,0.8293761369786596,0,1
0.0199740505903989,0,2,1.1057030044423815,1.0413132544917467,0.34204549039069304,1,1
1.0186765801103652,0,2,-1.0964055134691097,-0.772100868346,1.325270244452359,2,0
0.0199740505903989,1,2,-0.4400117245125306,1.766982119514823,-1.5581246144190346,2,1
1.0186765801103652,1,1,1.4009538797341823,-1.6138733858448344,-0.8385437677019791,0,1
-0.47937721416958423,1,2,1.0707351898692954,0.41121050767949896,-0.11717015601223696,0,1
1.0186765801103652,0,2,1.6884299597660912,0.6074141757192126,-0.9428931154778679,2,1
-1.4780797436895505,0,2,0.8889083210840455,0.7074472582608776,0.8501093019506515,2,1
-0.47937721416958423,1,1,-0.3628567975287187,-1.282231163929434,1.4581615738692195,0,1
-1.4780797436895505,1,2,0.321673619679396,1.5854108902894424,-0.26030540023031373,1,1
0.5193253153503821,0,2,0.5656675311934496,-1.0691382495363435,-0.5434718243306752,2,1
-0.9787284789295674,0,2,-1.4540531571529758,0.47859397936415954,1.6050307007025788,2,0
1.0186765801103652,0,2,0.16170395221323863,-0.9237032655501688,-0.1871796711790912,0,1
-0.9787284789295674,1,2,0.7331456432479343,-0.6273838398479624,-0.033882337565249755,2,1
-0.9787284789295674,1,0,-1.145957947695643,0.21117548886311355,-0.5104603860785597,0,0
1.0186765801103652,1,1,0.9803793426418828,-0.24190724077155637,1.4246566056255798,2,1
-0.47937721416958423,0,0,0.29787259022304385,-1.1425962848980296,0.24328192411428595,2,1
0.5193253153503821,1,2,1.5752793359114614,-1.1050542237742609,0.9134782118073385,2,1
-1.4780797436895505,0,1,-1.5789807820273445,-0.23857262797032122,1.0856313239404494,2,0
0.0199740505903989,1,1,-0.8061767738256642,0.9501289578798304,-0.5444553691539091,2,1
-1.4780797436895505,0,2,0.3595193723152085,1.4432274274929118,-0.22588246017287342,2,1
0.0199740505903989,0,2,-0.6978897819475196,-1.40932454809632,1.2128070739590189,1,1
-1.4780797436895505,0,2,0.7508388252826059,-0.3263425558408812,-0.47020583044975794,0,1
1.0186765801103652,1,2,0.9054008423815116,-1.3528302469860123,1.0236422679269397,0,1
0.5193253153503821,1,2,-1.3706370137928523,-1.6460397864295753,1.5337221732744213,2,0
0.0199740505903989,1,2,0.055466917683094086,0.6151698377343832,0.43146945314213586,2,1
1.5180278448703484,0,1,0.03825712674463492,0.4074272642368083,0.8422082197461989,1,1
-0.47937721416958423,0,2,-0.445767742623609,-1.132804839293005,1.0623591986140022,2,1
-1.4780797436895505,0,2,1.5083772153252928,-0.8846682129041135,1.2009024655169966,0,1
-1.4780797436895505,0,1,1.142892831688462,-1.6211002881376966,-0.35991191093306374,1,1
0.0199740505903989,0,1,0.6911554537727809,1.2223471656434484,-1.5523752636137989,1,1
-0.47937721416958423,1,2,0.7505006961172069,1.712156908600586,-0.33624600766509993,0,1
-0.47937721416958423,0,2,-0.12529579640414795,-1.2294029631975385,0.60679189717413,2,1
1.0186765801103652,1,0,1.4670149142695197,-0.8928617218719649,-0.1681095710450413,1,1
1.5180278448703484,1,0,0.682092915228853,1.3396347844745398,0.867653262830325,2,1
1.0186765801103652,0,2,0.8013073539235507,1.5431188201628916,-0.4919639749156233,2,1
1.0186765801103652,1,2,1.2614102315894546,-0.23337603656337003,0.47147527226064273,2,1
1.0186765801103652,1,2,-0.7758564338348134,-1.5267624351784417,-1.0835744085052097,0,1
1.0186765801103652,0,2,1.072043574693792,-1.5661265595233504,0.8690624983513358,0,1
1.0186765801103652,1,1,-1.0491621894799308,0.3075343826529057,0.1626043930838469,2,0
0.5193253153503821,0,2,-0.5287632376020568,-0.32707440885212474,-1.0223727247689054,0,1
-0.47937721416958423,1,0,-0.5625021837902415,-1.6037688818933056,-0.7176689559811058,2,1
1.0186765801103652,1,2,1.6664737786536696,0.3401403468896128,0.8664238507561457,0,1
-0.47937721416958423,1,2,1.2435425061922996,-1.664581387042491,-0.0562448566935071,2,1
-0.47937721416958423,1,2,0.7048863728118214,1.0555928045810228,-0.9808640252652837,0,1
-0.9787284789295674,0,1,0.7946358367860721,-0.630130389294489,1.6248725786230356,0,1
0.5193253153503821,1,2,0.2226390891136493,-1.563090579294488,0.7502829337577246,1,1
1.0186765801103652,0,2,1.5574898306979832,0.3580155806587369,1.5897137912587516,0,1
-1.4780797436895505,1,1,-0.005537129077160439,-0.3102875790100502,-0.24873793822775003,0,1
0.0199740505903989,0,1,-0.40680945446588557,1.7090367599183798,-0.08226232526505549,0,1
1.5180278448703484,0,0,-1.1608173262509252,0.20325446405311612,1.384444444762662,2,0
-1.4780797436895505,0,1,0.9997040846244281,-0.7394661479860278,0.0909898708128673,0,1
0.5193253153503821,1,2,0.8202470373719217,0.7824322035261626,0.7230680658238251,0,1
0.0199740505903989,1,1,-0.39350549804480894,-0.7526002542250041,-0.8555044904724876,2,1
0.5193253153503821,1,0,-1.638713045241596,1.4652344882215063,-0.18067942425140215,0,0
-0.47937721416958423,0,1,1.1827319701558936,-0.3907724500898246,-1.301990799697968,1,1
0.0199740505903989,1,2,-1.6864722401491377,0.22312783615342915,-1.0157281451004117,1,0
-0.47937721416958423,1,0,0.7136575577609608,-1.5269354748135797,-1.7269144574267923,2,1
-1.4780797436895505,0,0,1.6378075128111682,-0.2106146486256777,-1.5939927228647257,2,1
-1.4780797436895505,1,1,-0.20869345351371923,1.2132912468446844,1.6596022156081978,2,1
0.0199740505903989,0,0,-0.9114092070148693,1.1196543520596034,-0.8895631287344686,1,1
0.0199740505903989,1,2,0.7177181946767166,-0.9179462664352843,0.5705607545311747,0,1
1.0186765801103652,1,2,1.1069118567996923,-0.9117755559285071,1.1802992620875024,1,1
0.5193253153503821,0,1,0.16840686959296886,1.1605111726180264,0.17982413473976863,1,1
1.0186765801103652,1,1,1.626637464778862,1.5569099289227952,-1.1989925285493168,1,1
0.5193253153503821,0,2,-1.54692358137347,-1.3699512389466797,0.7953447294992383,2,0
1.0186765801103652,1,2,0.024059976019498105,-0.12671248743347036,0.35183440960782847,0,1
-0.47937721416958423,1,2,0.7648100186810495,-0.5213981517354923,0.8062157924561765,2,1
0.0199740505903989,0,2,1.2647023662849692,1.3476225887960802,0.9397424377432622,0,1
-1.4780797436895505,0,2,-1.104581895078572,-1.4114372178703116,1.6531039817861883,1,0
0.5193253153503821,0,1,1.0475409364941535,-0.9641872512879444,0.259264444530333,2,1
0.5193253153503821,1,2,0.19016829381529649,0.9332533266794053,-0.5451765887072315,2,1
-1.4780797436895505,0,1,-0.351212998316829,-1.5244092157956284,0.5190656582350661,2,1
1.0186765801103652,1,2,-1.2694043290753665,0.022171275005930934,-1.4927945648367276,1,0
0.5193253153503821,1,2,1.2739082060302491,-0.1545833832741401,1.3825093303281257,2,1
1.5180278448703484,0,0,-1.180794533499743,-0.5320994672712235,-1.3161039546985107,2,0
-0.47937721416958423,1,1,-0.65202870349233,-0.3211956903939692,-0.5930370350300258,0,1
0.0199740505903989,0,1,-0.7204750329590527,0.1532789745934308,1.099292896642432,2,1
-1.4780797436895505,1,1,1.2951201675423702,-1.1385943503305809,0.3416401371929692,1,1
0.0199740505903989,1,1,0.6061922037138197,0.30068552738689824,-0.36482972733491265,2,1
1.5180278448703484,0,1,1.0360233229771845,1.1188955892681758,-0.08803640875952351,1,1
0.5193253153503821,0,0,-0.8576900474614899,0.9602163665799143,1.2338808553826845,0,1
0.5193253153503821,0,1,0.4403701991928399,-1.1647682649996869,-0.5508537090836871,2,1
1.5180278448703484,0,1,0.25617587813047393,-1.1810683443297518,1.2862643908012275,1,1
-1.4780797436895505,0,2,1.1613512509596096,-0.7642287816524324,-1.4244852779668555,0,1
-0.47937721416958423,0,2,1.4153309892671846,-0.43860693542932816,0.9642022334079612,2,1
-0.9787284789295674,0,2,-1.6839108740134252,-0.2725339327430426,1.2096016139884607,1,0
-1.4780797436895505,1,1,0.6107579608828007,0.678185778507924,-1.0995373497190766,2,1
-0.9787284789295674,1,2,-1.546344326514012,-1.5055288886589422,-0.2374945750296755,2,0
1.5180278448703484,1,1,0.17682591632458677,-1.5826674176292965,-1.156137246697698,0,1
1.0186765801103652,0,1,-0.7288401816799835,-0.33052530693839005,0.7207275260266494,0,1
-0.9787284789295674,0,0,-0.6624686921556843,0.7394069193264573,0.12671081119731248,0,1
-0.47937721416958423,1,1,-0.502356777672936,-1.0261939624578662,0.4734842943395798,2,1
1.0186765801103652,0,2,0.4279526746009938,0.5443177368893741,-1.0486556321919618,2,1
-0.9787284789295674,0,2,-0.5679123725478105,-0.7934828641882784,-0.9957289047546988,0,1
1.5180278448703484,1,2,0.8141975614650638,1.4015923730797573,-1.586249898140224,1,1
1.0186765801103652,0,0,-0.3235682968712931,1.435254445845877,-0.6130691454429195,2,1
1.5180278448703484,0,1,-1.4890787635600995,-0.6621863813319904,0.2113334337648506,2,0
-0.9787284789295674,1,2,0.9912245016596392,-0.898054335583484,1.2456307487191578,1,1
1.5180278448703484,0,0,-0.7353387116152943,-0.2625501367840514,0.5831057063597546,2,1
-0.47937721416958423,1,2,-0.22566242752337382,-0.861118546444558,-0.21997896124209865,0,1
-0.9787284789295674,0,0,0.6503646599894817,0.6525519248744676,1.575788412540766,0,1
-0.9787284789295674,0,1,-0.5734380809259421,1.1912133468033157,0.7645741181879174,1,1
-0.9787284789295674,0,2,-1.5298766489739228,0.6550345194070205,1.496167421746962,1,0
-1.4780797436895505,1,1,-0.42967997796878105,1.1852048327073628,0.09979532739570095,2,1
-1.4780797436895505,0,2,1.5483297667382039,-0.3127139684357946,-0.8321560876034594,0,1
-1.4780797436895505,0,0,0.49882457877458797,-1.156296290185279,-1.5469530820719215,1,1
-0.47937721416958423,1,1,0.6019491510019306,0.8823689224953231,0.7882980075712763,0,1
1.0186765801103652,0,2,0.46605380277986114,-0.44071075007624116,-1.309437386520485,1,1
1.5180278448703484,1,1,-1.03615567479422,0.6486507236101148,-0.6799864390231389,2,0
0.5193253153503821,0,2,-0.27570145896896,-0.7555727620789796,0.11673218603845525,2,1
-0.9787284789295674,1,2,0.8774379391669281,-1.4194823242751953,0.22753839330216863,0,1
1.5180278448703484,1,0,-1.374600006919004,1.7748667353502219,0.35298523960266437,2,0
-0.9787284789295674,1,2,-0.7627471204969037,-1.156700994791329,-1.1535165399160572,2,1
-0.47937721416958423,0,2,-0.7680643213599796,1.7602828532793824,-0.41303647913328906,2,1
-0.9787284789295674,1,1,-0.22825556503463315,1.72123270281916,0.41060195815210726,0,1
-1.4780797436895505,0,1,1.6728643748020515,1.0781869679912874,1.6337093954759168,0,1
0.5193253153503821,1,1,-1.492027965932705,0.6071231866870249,0.7936614279611315,1,0
0.0199740505903989,1,1,0.0722697594607408,0.3210540660380894,1.469939927770326,0,1
-0.9787284789295674,0,0,-1.1042037507894589,1.3315451683086803,0.9136081834996398,2,0
1.5180278448703484,0,2,1.639261689547125,-0.6896930234541179,0.3222320012582131,1,1
-1.4780797436895505,1,2,-1.3332367846814344,-0.06494421375536304,-1.0641379868259053,2,0
0.0199740505903989,0,1,-0.32678005249502623,0.46680492317496464,0.5822670186339789,1,1
0.5193253153503821,0,0,0.8321771116693034,-0.2629479483929658,0.43205631254561494,0,1
0.0199740505903989,0,2,0.7166206099444158,-0.20582947657597717,0.3595268930564789,0,1
-1.4780797436895505,1,1,-0.2604648527335084,-0.5465281098571315,-0.031324371003311834,1,1
1.0186765801103652,1,2,-0.524664514851294,0.2734719825709339,0.10350196056533462,2,1
1.0186765801103652,0,2,-0.34754251444506085,1.2771219547022934,-0.5701454723732627,0,1
0.0199740505903989,1,1,-0.809816671390228,-0.9978273441337041,0.07109183873534411,0,1
-0.47937721416958423,0,2,-1.0141722245571716,1.5710515315174332,-1.044947930681213,2,1
1.5180278448703484,0,2,-0.051367380222558226,0.7110998754099542,1.0626265753575481,0,1
1.5180278448703484,0,1,-0.7950560122891727,1.181429054932359,-1.0858041869220798,2,1
0.0199740505903989,0,0,-0.7294332583107213,0.2452873156879318,-1.4354742348178677,2,1
-0.9787284789295674,0,0,0.5509044526098952,1.0280596148703207,-0.21703169693851024,0,1
-0.9787284789295674,1,2,1.6318450701914204,-1.647414064071899,0.5532065027451587,2,1
1.5180278448703484,0,2,0.36674221344911623,1.164279512633351,-0.2119301116089971,2,1
1.5180278448703484,1,2,-1.459171636147808,-1.5635081865571683,-0.7702423960387771,2,0
1.0186765801103652,1,2,-1.4640110366686632,1.4150071967062834,0.2058756983756457,0,0
-0.47937721416958423,0,2,1.5725107244767715,1.7726969306602751,-0.5265807485807084,0,1
-1.4780797436895505,0,1,-0.6953558393832207,-0.6734717884530044,1.5055412201725342,2,1
-0.9787284789295674,0,2,-1.4068634515753708,-0.9670171930939403,1.470083466394402,2,0
1.5180278448703484,0,0,0.3508196969910626,0.978451238992004,0.012331034318498538,2,1
1.0186765801103652,1,2,0.436122029992734,-0.8173236085812139,-0.5928942816137202,2,1
0.5193253153503821,1,1,0.5222975252608727,1.3296553694374542,0.8266173828705216,2,1
1.0186765801103652,0,2,-0.7989796957012215,-1.3437274920952085,-1.602844919070226,0,1
-0.9787284789295674,1,1,-1.6736697062983639,-1.262716299334677,-0.083411586630201,2,0
-0.9787284789295674,1,1,1.6196344840124217,1.7277928624807435,-0.5636215306013264,2,1
1.0186765801103652,1,1,-0.8562160700357285,0.6576519879479621,1.462767344396885,1,1
-1.4780797436895505,1,2,0.6177140097549814,1.264197713940949,-1.6885532873379638,2,1
0.0199740505903989,1,2,0.7238161332971492,-0.5674017921865195,0.1872969047666171,0,1
-0.9787284789295674,1,2,0.3888276511618139,0.6669223649434908,0.8388655252155164,2,1
1.0186765801103652,1,1,-0.6412133260529536,0.37865903687568925,-0.04786215491171793,1,1
1.5180278448703484,1,0,-0.7861718741934901,0.4098831871022281,-1.4339593654084044,2,1
1.0186765801103652,0,0,0.3460480717163253,0.6881234900285355,1.642875211244271,2,1
-0.47937721416958423,1,0,1.276681358696318,0.31247409627442385,0.06657483887041427,1,1
0.0199740505903989,1,1,1.5562523317793917,-0.20030579045994176,0.40016852344536247,2,1
0.5193253153503821,0,2,-1.3588844921338625,-0.7370703889146467,-0.9094863594566083,2,0
-1.4780797436895505,1,0,-1.189269906870248,0.9897304244485645,-0.053134060935133405,2,0
0.5193253153503821,0,2,1.5493271350882527,-0.9110978199852517,-0.24164660775008356,2,1
0.0199740505903989,0,1,0.8274975277007158,0.7225497062130329,-1.4704044081463679,2,1
0.0199740505903989,1,1,1.3352671145220416,-0.8863506809726782,-1.3619608890977217,0,1
0.0199740505903989,1,2,-1.0235341368610853,0.48762571559831386,1.1746552578229241,2,1
0.5193253153503821,0,0,0.3110925136855031,0.9143607764228162,-0.898351623616685,2,1
1.5180278448703484,0,2,0.704781437012984,-0.9375910019690095,-1.0539580375960107,2,1
0.0199740505903989,1,2,0.6318787098854823,-1.494092320009919,0.02113995341760024,2,1
1.0186765801103652,0,1,-0.311002889001111,-1.2451259644988628,0.9362756196299153,0,1
0.5193253153503821,1,2,-1.6726843635698598,0.4198615729586512,-1.5153201970671637,2,0
0.0199740505903989,0,0,0.29493701280668927,1.2731678138854707,0.2705187427786451,0,1
1.0186765801103652,1,2,-0.8485592588072062,-1.5464807107961678,-1.3166955855031122,1,1
1.5180278448703484,0,2,-0.1650340103668901,0.8690507657494013,-1.6037186293841217,2,1
-0.47937721416958423,0,0,1.5938596975716688,-0.5078532921523576,-1.5472400524297418,0,1
1.5180278448703484,0,1,-0.34260920762066643,-0.026924215947847996,1.1631797618672208,2,1
0.0199740505903989,0,2,1.1855203922634663,1.5515160875696197,-1.3209895484280778,2,1
0.5193253153503821,1,1,-1.0723909715046265,-0.540615634785609,-1.5735755649193492,2,0
-0.9787284789295674,1,2,0.6053514733638388,-0.07316106371748209,-0.21129514534188865,0,1
0.0199740505903989,1,2,1.661209115332246,-1.6562397580568529,1.1972737150616672,1,1
-0.9787284789295674,1,2,-1.3727964704174398,-1.418188656463182,-0.8200018238631365,0,0
1.0186765801103652,0,2,-1.6972130990087475,-0.7978170417935952,-0.2674420158440074,1,0
-0.47937721416958423,1,2,-0.22283367022443798,-1.6065735889249937,-1.5917121964590575,0,1
-1.4780797436895505,1,0,-1.4049271516112722,0.5088143839491718,-0.17252116202290693,2,0
1.5180278448703484,0,2,0.8685782398728027,-0.20964332889423787,0.2733115096508225,0,1
-0.47937721416958423,0,1,1.4446672313757618,0.2170873462233944,0.2500511061359595,2,1
0.0199740505903989,0,2,-0.22131450698279895,-1.092047684461819,-0.5771375609847306,0,1
-0.9787284789295674,0,2,-0.8291091224667213,-0.6669363579904022,-0.6357340893424941,1,1
1.5180278448703484,1,2,-0.21998891854805644,0.6225507774545668,-1.3603540151512767,1,1
-0.9787284789295674,1,0,0.7821236870832312,1.6792518004277,-0.4579167523850748,2,1
0.5193253153503821,0,0,-1.694667572378546,-1.5274834224887421,-1.3850813623512408,1,0
-0.9787284789295674,0,1,0.3175692498980441,1.4166578880211762,0.9288140525375553,1,1
0.5193253153503821,1,0,0.40021415456778986,0.31780890481716334,1.6214147749116878,0,1
1.0186765801103652,0,1,0.4847966407270787,0.2723775261030371,1.6345959373766437,0,1
1.5180278448703484,1,1,-0.8869715647706633,0.04931153904641873,1.270383192199845,2,1
1.5180278448703484,1,1,0.7495510464032122,-1.4609666989636392,0.35371000795171714,0,1
-1.4780797436895505,0,0,-1.4092053982928656,-1.3891732621378503,0.7008233054882347,2,0
0.0199740505903989,0,2,-1.0351911685327262,0.40203844920461235,-0.7409270838717769,2,0
0.5193253153503821,0,1,1.3161162648697557,-0.5091153769274784,0.45769209573820335,0,1
-1.4780797436895505,1,2,0.8350830192693602,1.510887178928244,-0.14972898785985833,2,1
-0.9787284789295674,0,2,-1.6784025906478612,-0.27907103438294373,-0.058270147393815724,0,0
-0.9787284789295674,1,1,-0.8649417240655993,-1.20198661420633,0.8982232956039669,2,1
-1.4780797436895505,1,0,-0.9827143931730619,0.8009388404950571,-0.7523298633415826,2,1
1.5180278448703484,0,0,-0.7871770420032198,-0.6759745480351285,-0.6270403280182328,1,1
-0.9787284789295674,0,2,-0.8677724820103092,0.13761035167176774,1.477009015746959,1,1
1.0186765801103652,0,0,-1.509280547513366,0.7417521354355484,-1.5351681987526187,1,0
1.0186765801103652,0,2,-0.13491885110028135,1.4512872007777562,-0.045724430112583224,0,1
-1.4780797436895505,0,0,0.8143169095957954,1.072484544934402,1.435937569582988,0,1
0.5193253153503821,0,2,0.37747087868797286,0.6664923577262504,0.386907314495889,0,1
0.5193253153503821,1,2,0.6067769950948109,0.6779613336047579,0.1650709204044924,2,1
-1.4780797436895505,1,1,-1.44471531387242,1.6113303612598175,-0.8639286293338344,2,0
0.5193253153503821,1,0,1.5727447088972775,-0.6673146665150026,-0.5395076203892065,1,1
1.5180278448703484,1,2,1.1809794310616728,-1.7002995555827318,1.2252129475980926,2,1
1.5180278448703484,0,1,1.0651769172248184,-0.7509789621272869,0.20950712284193157,2,1
0.5193253153503821,1,1,1.1272133458657267,-0.9404739509077411,0.05523868899932414,0,1
1.0186765801103652,1,2,1.507634051957159,0.6155760834889434,-1.3847863779578544,2,1
0.5193253153503821,1,2,0.16086149944385106,0.5170031764640617,-1.6745917970861732,1,1
1.5180278448703484,0,2,-1.0316836854679858,0.37592352738327817,1.6124342380693986,1,1
-0.47937721416958423,1,0,0.4123205950476631,-1.6472631854760666,-0.42257937186581007,1,1
0.0199740505903989,0,1,0.8494999270353342,0.8502173314602842,0.3621071421468185,2,1
-0.9787284789295674,1,2,0.8322894714823078,-0.5702022164117267,-1.4536885100558843,0,1
-0.47937721416958423,1,1,0.08179713431307684,0.6268673152861178,0.6392510806799457,2,1
0.5193253153503821,0,0,-1.4887129308107263,0.246646355334727,1.5044972414627285,0,0
1.0186765801103652,0,0,-0.43941564503717784,-0.5029031600117336,0.26655530994357607,2,1
-1.4780797436895505,1,2,1.466224744853928,-1.2324988813587463,-1.2927454452850125,2,1
0.5193253153503821,0,2,0.30021671938126143,-1.3732530934554332,0.2875619940093951,1,1
1.0186765801103652,0,2,0.14032994191354192,1.2103287424904507,0.9279513065846634,0,1
0.0199740505903989,1,2,-0.7939474153807923,1.514846064603113,-0.32049772546747657,0,1
0.5193253153503821,0,0,-0.4486517541648208,0.5733521769582972,1.32160252222936,1,1
1.5180278448703484,0,2,1.3780922152802209,-1.3416541662486057,0.5198231842346074,2,1
-1.4780797436895505,0,2,0.5845584094240711,-0.2950657717467686,1.3889317564730714,2,1
1.0186765801103652,0,2,1.0037998908909902,0.8507821575419624,0.43249247037436883,2,1
1.0186765801103652,0,0,-0.15084996609488321,1.0291257947725376,-1.2748036863740109,0,1
1.0186765801103652,0,2,0.45899871886353366,-1.2898334986236077,-0.6559957049560206,2,1
0.0199740505903989,0,1,-0.8649162473737688,-1.7040898470682586,-1.0302444643100686,2,1
0.5193253153503821,0,2,0.719763091915828,0.7918895056533997,1.422152375179759,1,1
0.0199740505903989,0,0,-0.24357129165324795,-0.45430454797874004,0.9073231442104943,1,1
-0.9787284789295674,0,1,-0.19176005728447623,-0.8122237708143637,0.6159563731395911,1,1
-0.9787284789295674,0,1,0.5251318000040132,-1.6589910416315752,-0.6862604399445764,1,1
0.5193253153503821,1,1,1.5200115771894986,0.18958731709201762,-1.091812404314648,0,1
1.5180278448703484,0,2,-1.5041492350839516,1.2791415994460698,0.8936257860680438,0,0
0.0199740505903989,0,2,1.1333132692300931,1.6523641714721415,-0.08553109886055164,1,1
-1.4780797436895505,1,2,-0.7123706862562912,0.27877561617266666,-0.947017215385655,0,1
1.0186765801103652,0,2,-0.18699663058072843,0.09902315651164395,0.4086170657925045,1,1
1.0186765801103652,1,2,-1.650085047558902,-1.4060693123006063,-1.5902855008246397,2,0
0.5193253153503821,1,2,-0.6823363182243181,0.21963762776043966,-0.5988385287878946,2,1
1.5180278448703484,0,0,0.016556189879085872,-0.3723459403565624,-0.10495845715467325,2,1
-0.9787284789295674,1,2,-1.5312966520509466,0.42385143678373466,-1.216981170010496,2,0
-0.9787284789295674,0,0,-0.023437248098344788,-0.3416861894653729,1.6851679341441492,2,1
1.0186765801103652,0,2,1.4882193610245213,-0.8619333400446225,-1.004915435132446,2,1
0.5193253153503821,0,1,-1.3606616205369395,-1.3713380042665264,-1.2780462622869042,0,0
0.0199740505903989,1,2,0.9242454442620324,-0.6003877283783147,-1.0242093897365523,1,1
-0.9787284789295674,1,2,-0.30573528373901404,-1.365451039673286,0.9373647605821949,1,1
0.0199740505903989,0,2,0.5454184743751699,-1.0841621109249555,-0.25428553987513575,1,1
1.5180278448703484,0,1,-0.8238221252528775,1.75648043415094,0.23100472747278006,2,1
-0.9787284789295674,0,1,-1.1731011078947522,-0.14758544200273446,-1.6573147887694188,1,0
-0.9787284789295674,1,0,-1.1697369141312033,0.16004788558615557,-1.61075895663444,0,0
-0.47937721416958423,0,1,-1.481663768058725,1.3578926876993302,-0.18380433516222602,2,0
-0.9787284789295674,0,0,-1.0824240789702257,1.7853367341813706,1.1024488295088262,2,0
-1.4780797436895505,0,1,0.5767796676698538,0.3382548215266404,1.34033678667694,2,1
0.5193253153503821,1,2,1.3307488961626397,1.1435764793805012,-1.4294379390547038,1,1
0.5193253153503821,0,2,1.096502388905258,-0.5582477983178091,0.1371697442870018,1,1
0.0199740505903989,0,2,0.6492913741976544,-0.6325449071701303,1.4374251953563237,2,1
1.5180278448703484,0,2,-1.343192718710598,-0.2926945805112751,-0.38447149460302554,2,0
-0.9787284789295674,1,1,-0.7234500020954278,0.6529845178979625,1.1472302622287789,2,1
-1.4780797436895505,0,1,-0.6519627749346371,0.6869290678514577,-1.266452442784507,1,1
0.0199740505903989,0,2,-0.8594615111559502,-0.59926263717612,1.5143056313412766,0,1
-0.47937721416958423,1,2,0.05945809388493775,-1.2372880030195008,0.8761865524309294,1,1
0.0199740505903989,0,0,0.13069821573700915,0.5123928119806275,1.5349086718239802,0,1
0.0199740505903989,0,0,-0.4887402967041845,-1.254406960282578,0.6167155230784457,0,1
-0.9787284789295674,1,2,-0.49947690922900784,0.3234566411815816,-0.46969046742766335,2,1
-0.47937721416958423,1,2,1.1465306616687903,0.7262924919717415,1.5239714690767447,1,1
0.0199740505903989,0,2,1.010407343460994,0.7514916992387582,-0.7743608363351346,1,1
-1.4780797436895505,1,1,-0.6589350307357669,0.9367716170949875,-0.5780191708384707,2,1
-1.4780797436895505,0,0,1.4420315610089176,1.3552319673058157,0.700624627745356,2,1
0.5193253153503821,1,2,1.5773360592571244,0.0481915190346887,0.9243754983969038,0,1
-0.47937721416958423,0,2,-0.5932470921925718,0.8553737563404645,1.4935253369595909,0,1
-0.47937721416958423,1,1,-0.49727263537905625,0.466043503763587,-1.0198128401829705,2,1
0.5193253153503821,0,2,0.02696723305796906,-1.050012295948036,1.0377347754833706,1,1
0.0199740505903989,0,2,1.5367924413784249,-1.6141536294873509,0.8315207070549311,2,1
-0.47937721416958423,0,0,1.3121271064205555,-0.7068613109910922,-1.508910127027284,0,1
-1.4780797436895505,0,2,-1.3704567357744717,-0.1513353383726175,-0.38707158934235864,2,0
-1.4780797436895505,1,2,-0.3644670650634429,0.45879926605673826,-0.7493916225349498,1,1
-0.9787284789295674,0,0,0.19247076642740923,1.2749656470986697,-0.674036794069349,0,1
-0.47937721416958423,1,1,0.018293945915177214,-1.0163434182535411,1.679244990493166,2,1
0.0199740505903989,1,2,-1.0539380811276278,-1.2641372756233613,0.49933933547018083,0,0
0.5193253153503821,1,1,1.2514456602536488,1.6728628505230816,0.7591317647832763,2,1
0.5193253153503821,1,2,0.6208845489457486,-1.3254942560192937,1.6572914953814646,1,1
0.0199740505903989,0,0,1.1789565881696222,-0.02705495423496823,-0.4218314929857099,0,1
1.5180278448703484,0,1,1.2512636719667092,0.34824173275589315,1.0510615292980667,2,1
1.0186765801103652,1,0,0.8684794446650129,0.19335531213752846,-0.22298053361073517,2,1
-0.9787284789295674,1,1,-0.20332214871184537,-1.402649169080992,1.2858619902183002,2,1
0.5193253153503821,0,0,0.39069752706833366,-1.50431444710665,-1.1035612915673019,1,1
-0.47937721416958423,1,2,-1.1700739332212096,-1.3344711912572913,1.5569403558397255,2,0
-0.9787284789295674,1,0,0.6094595699445823,0.34832569687906195,-0.9713591812009463,1,1
-0.47937721416958423,1,1,-1.1045900638767108,0.2037669927205605,-0.5986642226523671,2,0
1.5180278448703484,0,0,0.6798538096791586,-0.8849207215285921,0.8927279301761685,2,1
-1.4780797436895505,0,2,-0.9300450919211503,0.5312426527422971,-0.3644148110998982,0,1
-0.9787284789295674,1,2,-1.318509746608335,1.1701928290690569,0.37944420596139766,0,0
0.5193253153503821,1,0,-1.153019548420434,-1.558460538994722,-0.18814716882830634,1,0
-0.9787284789295674,0,1,-1.7191515036288492,0.041780584445280176,0.8447841608427407,2,0
-0.9787284789295674,0,0,0.7658004337946327,0.7118806580434898,-0.9382011199989204,2,1
-0.9787284789295674,1,1,0.813164394970595,-0.8198276759551631,-1.5274204537591527,1,1
1.0186765801103652,0,2,0.059207396989350125,-0.625440322109964,-0.6898570893817404,0,1
-0.9787284789295674,1,2,-1.1666159811003507,0.4466435534922311,-0.08500831770118955,0,0
-0.47937721416958423,1,1,-1.4363766665828552,1.4431245418876821,-1.1473954576622651,1,0
-1.4780797436895505,0,1,-1.6597383867798223,1.134640662676664,-0.499543311330705,2,0
1.5180278448703484,1,1,-1.1514119537022693,0.339712121770049,-0.34281291056738883,1,0
0.0199740505903989,0,2,1.3625235365540829,0.855277465977783,-1.5311184599811072,2,1
-0.9787284789295674,1,2,-0.8886538780416728,-0.42547084752280506,0.29306219617469914,1,1
0.5193253153503821,1,2,-0.497805238899488,0.5424286707455732,1.337230842455314,0,1
-0.9787284789295674,0,1,-1.3608271122483941,-0.0702004849085141,-1.2038540483113442,0,0
0.5193253153503821,1,1,-0.9551351547231356,-1.038458910599222,0.34335928803156535,2,1
-0.47937721416958423,0,2,0.0740849903755645,0.7554411281729227,0.575515607852253,2,1
0.5193253153503821,1,1,0.3810105248833834,0.2462475098836274,-0.2756900854658199,0,1
0.0199740505903989,1,0,-0.8754256966770605,-0.44720536730368243,0.7016276353640148,2,1
-1.4780797436895505,1,0,-1.5259017413321625,1.4901060781787598,-0.3055307705506445,1,0
0.5193253153503821,0,2,-0.37035356727782087,-1.630822063482657,0.020188995650589504,2,1
0.5193253153503821,1,2,-0.9140789026880898,-0.5973919255094163,-1.704682133258023,0,1
-1.4780797436895505,0,0,-0.9648683010712957,-1.5048244910168433,0.6691011013952745,2,1
0.0199740505903989,1,1,1.601770618402832,0.9825309683200086,0.5637344793426808,2,1
-0.9787284789295674,0,1,0.4106456191361419,0.7567351291006524,-1.5969901822827965,0,1
0.5193253153503821,1,1,0.2046303573544752,-0.5427862728063215,-0.45288111113649626,0,1
-1.4780797436895505,0,2,-0.2845726405386729,0.6640452413054495,1.6656653578781624,0,1
-0.47937721416958423,0,1,-0.23891513330746347,-0.31641158830412297,-0.2708275424082228,1,1
-1.4780797436895505,0,2,0.14925070136394192,0.9465215904996762,0.010851979519116517,2,1
-0.47937721416958423,0,0,0.6884526802866091,-0.11225401034715965,1.4259805118222908,0,1
0.0199740505903989,0,0,0.7082709623618043,-0.25913004886830154,0.7576947939846969,0,1
-0.9787284789295674,0,2,-1.1307982013274107,1.5720921039325098,0.28877115432476397,2,0
-1.4780797436895505,1,1,0.00782462383673493,-0.8248498291350949,1.0370641117201467,1,1
1.5180278448703484,1,0,-0.29780614727606036,-1.282021696980059,1.267938421488743,0,1
1.5180278448703484,0,2,1.2920447173964111,0.34466440841144297,-0.14543307182887527,0,1
1.0186765801103652,0,1,0.4630609899347982,1.6933389695985688,-0.082234492530983,1,1
0.5193253153503821,0,1,0.12012478710682072,-0.37984630827831845,-0.39113748033231516,2,1
0.0199740505903989,1,0,-1.3259868449365362,-1.4867545957896338,1.6229126551966375,1,0
-1.4780797436895505,1,2,0.3736785690566727,-0.514910316258271,0.6879914845970997,2,1
1.5180278448703484,1,0,-1.3197141576208022,0.06912609207850677,-1.4415207489373767,1,0
0.5193253153503821,0,0,-0.5569684570556122,-1.1366467668148552,1.2630593645347987,2,1
1.5180278448703484,1,2,-1.2308274209937176,0.6024938923067655,-0.06332525498932397,2,0
-1.4780797436895505,1,2,0.6733499439350178,1.7929794893668325,-1.4917082147656295,2,1
-0.47937721416958423,1,2,-1.0109854592404364,-0.12082104513356612,0.17655255415755491,2,1
-1.4780797436895505,1,2,-0.3674880910585043,-0.46085067588791295,-0.2832183006419427,0,1
1.0186765801103652,0,2,1.3792317728778583,-0.29970314890726407,1.3143589332124277,2,1
-1.4780797436895505,1,2,-1.0176966053787186,-1.3006026158683017,-1.022614779539439,1,1
-1.4780797436895505,0,2,0.03449374480045467,1.3917343503357602,1.1364734199342312,0,1
1.0186765801103652,1,0,-0.27245013170668614,-0.2502064054379206,0.20420213290931594,1,1
0.0199740505903989,1,2,-1.6632224468696293,-0.3467753218987405,-1.5407664609430034,0,0
-1.4780797436895505,1,2,1.022421362084113,0.6080601287323726,1.640738257118534,0,1
1.0186765801103652,1,2,-1.486677163038294,-0.15484140428813448,0.04786118991580461,2,0
0.5193253153503821,1,2,-0.081823711944416,0.5679032793229407,-0.7212565770730281,0,1
-0.47937721416958423,1,2,0.2178043820127258,-1.4888242441038941,-0.10201069184662458,1,1
-0.47937721416958423,0,1,0.45268616352100194,1.1479561382696009,1.2453632153323795,2,1
-1.4780797436895505,1,2,0.6614165241456543,1.5923304834593928,-0.6726053102090745,2,1
0.0199740505903989,0,1,-0.8479669442310325,0.569767684505697,-1.0618729079742952,2,1
0.0199740505903989,0,2,-1.6914619468475058,1.6416186309881435,-1.282492578856211,0,0
0.5193253153503821,0,2,0.7821092800489228,-1.1734173308278875,-0.6970370507461041,1,1
-1.4780797436895505,1,2,0.1310545678259226,-0.030822481287272593,0.9754739100142482,2,1
-0.47937721416958423,1,0,1.1727483585207776,0.405174530495101,-0.09431209381418777,2,1
0.0199740505903989,1,2,1.121681973749938,0.33482756169276673,-0.9411481960197838,2,1
-1.4780797436895505,1,2,1.1977399887106135,-0.2970476682957304,-1.1537604878480932,2,1
1.5180278448703484,0,2,-0.0442428587247531,-0.5191895033731855,-0.5760873287153925,2,1
0.0199740505903989,1,2,-0.5693739483411393,-1.2596710066561252,1.53001790230751,0,1
1.0186765801103652,1,1,1.0182612901057468,-0.33111455185527533,-0.540370521967048,1,1
1.5180278448703484,0,1,-0.16142880867934922,-1.1340606997548761,1.6972025202501277,0,1
0.0199740505903989,0,2,-1.0900670743004088,0.8698023129680856,-0.04712519141427913,2,0
-0.47937721416958423,0,2,1.2381229025441154,-0.9722314014762521,-1.108742045352954,0,1
-0.9787284789295674,1,1,1.3337626236208981,-1.4989222848300474,1.3608056276106835,0,1
1.5180278448703484,1,1,-0.10936981671333469,0.23188200038089207,-0.13340645293842224,2,1
0.5193253153503821,0,1,-1.463608473194435,0.3821217100948372,0.7313664107791211,2,0
0.5193253153503821,1,0,-0.3814714189689786,1.3519149124752141,1.681897427752497,0,1
-0.47937721416958423,1,2,1.0597938734530048,0.318160852327005,-1.5561494583036344,2,1
0.0199740505903989,1,2,1.400377777260449,-0.493264481086207,-1.3947937700598607,0,1
-1.4780797436895505,1,1,-1.0206214947479215,1.1104117611682862,0.7687764469867615,2,1
0.0199740505903989,1,2,-1.4938617738446696,0.18951541567026836,-0.7526536634464249,1,0
-0.47937721416958423,1,1,1.315701636063223,-1.4263149244143933,-1.090922279830259,2,1
0.5193253153503821,0,1,-0.3759975747903329,0.2791457850934217,-1.5936568664225574,0,1
0.0199740505903989,0,2,0.15221830233797218,1.4784670009976506,-1.6544096606516352,2,1
0.5193253153503821,0,1,1.6302103191891006,-0.3150957891433496,0.9561799789356787,0,1
1.5180278448703484,1,1,-1.495279368448835,-0.6655561596963223,-1.263893416809586,0,0
-1.4780797436895505,1,1,0.5216498487652704,-1.2013276677881926,-0.10785950490256906,2,1
1.5180278448703484,1,1,-1.4691359019414767,-1.1733710374454658,0.371415959520381,1,0
0.5193253153503821,0,1,-0.42431349798743084,-0.1873050991261923,-0.24441346567024297,0,1
0.5193253153503821,0,2,1.0607538318065035,0.38369931010165786,-1.6361651267265318,2,1
-0.9787284789295674,1,0,-0.22321697953093594,-1.4216352394140648,0.9874523646977003,0,1
-0.9787284789295674,0,2,1.7311568991767077,1.5890519718399565,-1.6937207901344182,2,1
1.5180278448703484,1,2,0.21219130053749682,0.9425953072853671,0.9124907314980396,2,1
1.0186765801103652,0,1,-0.612594212025411,0.35195776641189275,1.3683130332066518,0,1
1.5180278448703484,0,0,-0.9629357950066023,1.1995343247105257,-0.22884605215219267,2,1
-0.9787284789295674,0,2,-0.5108091773669637,-1.423137680003694,0.1273861615626925,2,1
0.5193253153503821,0,1,-0.43449136540710825,-0.03284599680238909,-0.07573080542658148,2,1
-0.47937721416958423,0,2,-1.48782899419219,0.5043201917558181,-0.38018479831192037,2,0
1.5180278448703484,1,1,-0.4447504282909969,1.2002852330564473,1.3479179158303827,2,1
0.5193253153503821,0,2,-0.11655075983778485,1.0419146434498527,1.3704948297817088,0,1
-0.47937721416958423,1,2,0.7796619010860844,-0.7330516373196876,-0.5653802043976178,2,1
-0.47937721416958423,0,0,0.5508123045030159,1.5936491475819852,0.40323304918965475,2,1
-0.9787284789295674,0,2,0.7312208665862019,-1.268357193917583,1.4848680281006033,2,1
1.5180278448703484,0,2,-1.6970614543503282,1.363203177052189,1.6067919314506895,2,0
0.0199740505903989,1,0,-0.9714088480712069,1.6990116984904895,0.03517934798246818,2,1
-1.4780797436895505,0,1,0.5679905287704553,-1.083262807850154,-0.15952684432706654,0,1
-0.9787284789295674,0,1,-0.04807488752967957,0.8266913656939265,-0.763512709000963,0,1
-0.9787284789295674,0,2,-1.7076364699744095,-1.5629941347213847,1.5957388590295705,2,0
0.0199740505903989,1,2,1.0631117179394631,-0.2831639422552381,-1.234823658132059,2,1
-1.4780797436895505,1,2,0.9532600953552721,0.10540928589600213,0.2809996055268772,1,1
0.5193253153503821,1,0,0.17530216970379708,0.3310020577553231,-0.7501380250848315,2,1
1.0186765801103652,1,2,-1.495630928022136,1.5763238843943084,-0.7624236630113127,2,0
1.5180278448703484,0,2,0.9314370832262385,0.6520852043752183,-0.325520055855972,2,1
1.0186765801103652,1,2,0.29766736980199704,-0.01728675326542814,1.7342083345224093,2,1
0.5193253153503821,0,0,0.9849843976653087,1.133766555280558,-1.5395316332061417,1,1
-0.9787284789295674,1,0,0.880236467830915,1.6274823234249234,0.27653291196911356,1,1
-1.4780797436895505,1,0,1.0579370002307409,-1.6268542211326527,-1.4437784772480442,0,1
-0.9787284789295674,0,1,0.06986738936792561,1.7396039419854925,-1.194218615538636,2,1
-0.47937721416958423,0,2,-1.2395553677383169,-1.4022987255097321,-0.20552670414351956,2,0
-0.9787284789295674,1,1,0.6008339079793781,1.1502815233464403,0.04038600480217994,1,1
-0.9787284789295674,0,1,0.4251143797533358,-0.7216058358284008,-0.8325441054736517,1,1
0.5193253153503821,0,1,0.8473215986632132,-1.2408991542219778,-0.6325292923575404,0,1
0.5193253153503821,1,2,-1.137083502062172,-0.16247467020184742,-1.4285345376698253,2,0
0.5193253153503821,0,2,-1.0500823375860466,0.5529125017778799,-0.6784441147506854,2,0
1.0186765801103652,0,1,1.3609772001759624,-0.36893633156105304,1.6224003434364458,2,1
-0.47937721416958423,0,2,0.8741027010235464,-1.5129421860028942,1.5466081600418635,0,1
0.5193253153503821,1,2,1.422755286290528,0.39695306877334396,-0.5686339926506397,1,1
-1.4780797436895505,0,2,0.9043955510399677,1.4587851139983454,0.24986686382888662,1,1
1.0186765801103652,1,1,0.34426958974573063,-0.3610025423561154,1.4248193448941662,2,1
0.0199740505903989,1,2,0.5418094222203645,-0.9459369530651802,-1.70873767523147,2,1
-1.4780797436895505,1,2,1.3565339369910991,-0.15293491150452918,1.081735593063703,2,1
1.5180278448703484,1,1,0.28065545833995387,-1.5346830463762322,1.5593107005132536,2,1
1.5180278448703484,0,1,0.46643229580014506,1.1716652455025294,-1.413415980886465,2,1
-1.4780797436895505,0,2,-1.18355595900054,1.1921811879412514,-1.1701922480040388,0,0
0.5193253153503821,0,0,-0.08298099413372516,0.35678264737696525,1.6022404715582323,2,1
0.0199740505903989,1,2,0.7576790037173594,-0.466548748055968,0.13431524546085524,1,1
0.0199740505903989,1,2,-0.7867042484487331,1.09909559718126,-1.680944581098354,2,1
1.0186765801103652,1,2,-1.0248462294127694,0.24001686134198827,-0.8365690812192872,0,1
0.0199740505903989,0,2,-0.6380257325382156,1.1907493602525279,-0.169520283236321,2,1
1.5180278448703484,1,1,-0.8887794303849231,0.5091069396245238,0.673224540778189,0,1
-0.47937721416958423,0,2,-0.9809595652862034,1.0451950804343622,0.812840051295581,1,1
0.5193253153503821,0,0,-0.25310719892256806,0.3938050066269477,1.7225142780877707,2,1
0.0199740505903989,1,2,1.4214032499039282,-0.2526059288170231,-0.7329306265802513,1,1
1.0186765801103652,0,0,0.031909395346765464,1.6534655109236078,0.1366737362678243,2,1
1.5180278448703484,1,2,-1.07454128132579,0.19244190597601,0.11968963763058275,0,0
-0.47937721416958423,0,1,-1.4591986705925206,0.4166809056777149,-0.32317296335399187,0,0
-0.9787284789295674,0,0,0.6875038989088412,-0.9313738901736337,-1.1434348863763792,2,1
-0.9787284789295674,1,1,-0.3989010751527948,0.4887495078662148,1.6602013784706307,2,1
-0.47937721416958423,1,2,1.1232164042311408,0.2993247599933739,1.229613783252599,0,1
1.5180278448703484,0,1,0.5604549708965476,-1.0563268182203296,-0.0016778454176894742,2,1
1.0186765801103652,0,1,1.0344980350525286,-1.4953408366541219,0.36221938748477406,1,1
-0.47937721416958423,1,2,-0.7832256810649252,0.4141215109310275,-0.9419131922235324,2,1
0.5193253153503821,0,1,0.6743389892630796,0.9725939432071425,0.15598322255928135,2,1
0.5193253153503821,0,2,-0.8105595713647007,0.13035859385833795,0.6803740584472134,2,1
-0.9787284789295674,0,2,1.5296770357504281,-0.909344602614738,0.05671226270934961,2,1
0.0199740505903989,1,1,0.48024114405284996,0.6320056982181191,1.7046984539821028,2,1
1.0186765801103652,0,1,-0.6009810381470806,-1.4234216961747852,0.39030183673109253,2,1
-0.9787284789295674,0,2,-0.7916649338174991,-0.15554142241167349,-0.4434340634307911,1,1
0.0199740505903989,1,2,-1.0641188197587446,-1.1315863222406446,0.9480857811662302,2,0
0.0199740505903989,1,2,0.6822507726903347,-1.0576564539248268,-1.1389235872194061,0,1
0.5193253153503821,0,2,-0.9677747090955028,-0.9951439670654028,-0.39646217653632043,2,1
1.5180278448703484,1,0,0.33784859678269047,-0.34876393619206786,-0.5267312331267645,2,1
-1.4780797436895505,0,2,-0.8085728432097555,-1.5249126951906924,-0.23242849355237916,0,1
1.5180278448703484,1,2,0.5689774278875613,-0.3099054339950533,0.9814805881895637,0,1
-1.4780797436895505,1,2,1.0993246626532822,0.0893706244116118,-0.05079295178704536,2,1
-0.47937721416958423,0,1,0.9713427384387253,-0.010219371317172299,1.0239173847932126,1,1
0.5193253153503821,1,2,0.911801062377109,-0.3625141563567569,0.26941220792459314,0,1
0.0199740505903989,0,2,-1.0752276578775828,1.2370663462309524,-0.5436909188826861,0,0
1.0186765801103652,1,2,-1.4196290216147747,-1.1948179359661995,1.079290844084311,0,0
-1.4780797436895505,0,2,0.6971860869429654,0.06830271524447884,-0.9036595308711951,0,1
1.5180278448703484,1,0,-0.44900436764669654,-1.4867382855707787,-0.9518960267913287,2,1
0.0199740505903989,1,0,-0.2271208253545482,-1.4547922001235203,0.01972294337983441,2,1
-1.4780797436895505,0,0,-1.6180648029858642,0.30723989969222126,-0.8254097957990222,1,0
-1.4780797436895505,1,2,-0.8261108501610146,0.2797341614303303,-1.6986676455424279,2,1
-1.4780797436895505,0,2,-1.6093026563169976,1.3733674963843607,0.5184863023817493,2,0
1.0186765801103652,1,2,1.322064658995723,0.25118628152285655,0.0425840109071262,2,1
0.5193253153503821,0,2,-0.8822058375635857,1.659932919346306,-0.18487174037309226,2,1
1.0186765801103652,1,2,0.20622075437199086,-1.5335188831898348,1.6238227229863051,0,1
-0.9787284789295674,0,2,-1.5909175295292657,-1.3606741593645424,0.2510643836992484,2,0
0.0199740505903989,1,2,0.5858909230930551,-1.549743785443795,1.2646963772920086,2,1
0.5193253153503821,1,2,-0.6061276176321445,-1.0547900138663369,-1.246492204456198,1,1
0.5193253153503821,1,1,1.387013103779139,0.19298969887032977,0.24415246827237858,2,1
0.5193253153503821,1,2,1.3530332020458486,0.5585752926150606,1.2804716575584607,0,1
1.5180278448703484,0,1,-0.5982808880829378,-1.5444185520525149,0.2923633084697845,2,1
0.5193253153503821,1,0,1.3975586587922844,1.6114924558674553,0.7603042159959433,0,1
1.0186765801103652,0,2,1.727604348777471,1.2476473279739007,-0.43972318297245633,2,1
0.5193253153503821,1,1,1.1356445619972353,-0.6645513266034683,-1.4095180485347223,2,1
-0.47937721416958423,1,1,1.2030971026824844,-1.4336501657768106,-0.14192209209410275,2,1
0.0199740505903989,0,2,-0.8627489409002587,-1.108732191406963,-0.36190269317452606,2,1
0.5193253153503821,0,2,0.27335969129983384,-1.2592490275928763,1.2772824895156334,0,1
0.0199740505903989,1,2,-1.4928830375742983,-1.2720797913050066,-0.8838690796491903,2,0
-0.47937721416958423,1,1,-1.3969792514428216,0.11339519032324104,1.6230100790486672,0,0
-0.47937721416958423,1,2,1.7370863364715017,-0.842486118122889,1.5931937753116758,2,1
0.0199740505903989,0,2,-0.5936052059815591,-0.4488943372012224,-0.8712561340270936,0,1
-1.4780797436895505,0,2,0.8678833258583545,1.7640835340246706,-0.5229400554145873,1,1
-0.9787284789295674,1,2,1.0706364963917154,0.6943687786231778,1.3761216681144106,0,1
1.5180278448703484,0,2,1.2486946080211534,1.6220419222403615,1.6226215748472705,2,1
-1.4780797436895505,0,1,1.7327029780806198,-1.2045274490833073,-0.19208192201489702,2,1
-1.4780797436895505,0,0,-0.8887937931835569,-0.36477361123455676,-0.6167822261434419,2,1
1.0186765801103652,0,2,-1.5861625397066355,0.24017381289851142,0.09461340469978041,0,0
1.5180278448703484,1,2,-0.30046385748179183,-1.4351554804509339,0.6553970541953461,1,1
1.5180278448703484,1,1,-1.2750706244458,-1.6895202542443188,-0.7816180147542643,2,0
-1.4780797436895505,1,2,-1.6483080089815845,0.645718766310662,0.8243307572324715,0,0
0.5193253153503821,1,1,-0.47646422015407996,0.5454219571248909,-1.5510089963509857,2,1
1.0186765801103652,0,2,0.9911496445940687,-0.26435581359490307,-1.5592047848826625,1,1
1.0186765801103652,0,0,0.2368811010008573,0.012037062578152445,-0.390316225950526,2,1
-0.47937721416958423,1,2,-0.641661971107787,-0.24804257049984224,-0.5041360522929043,2,1
1.5180278448703484,1,1,0.5425349526055558,-1.6200582629938387,-0.6353871107781629,0,1
-1.4780797436895505,1,1,-0.9216549232395619,-0.5286980562259476,-0.02704450623995125,0,1
-0.47937721416958423,0,2,-1.676197963151272,-1.083512606249351,-0.6176960702804558,2,0
0.0199740505903989,1,1,0.9239426322110654,-1.3592142844201165,-1.0633244332577267,0,1
-0.9787284789295674,0,1,0.43644898935961257,1.6491703123416157,-0.6567662921069735,2,1
1.0186765801103652,1,2,0.9168326737274957,0.3965976038949047,1.6513485502617096,1,1
0.0199740505903989,1,2,-1.5910607297376675,0.84979051887838,-0.3042062110248314,2,0
0.0199740505903989,0,1,1.1762220149958962,-0.5988269273266411,-0.18766407934694998,2,1
0.5193253153503821,0,0,0.4218291178199405,-0.3261910601269887,0.2696067496233477,1,1
-0.9787284789295674,1,1,0.22722437046403207,-0.8737633903599004,1.6806112262643178,0,1
0.0199740505903989,0,0,0.43946860487169687,-1.3643264860881492,-0.8921729546265401,0,1
0.0199740505903989,0,2,1.270917890726547,-1.0766798944078746,0.6328960309650439,2,1
-0.9787284789295674,0,0,0.3088411772846895,1.0911414848158156,0.7532647824848111,2,1
-0.9787284789295674,1,2,0.2880873728717148,0.6706449396575137,0.37636771264632457,0,1
0.0199740505903989,0,0,1.7086104208540904,0.21282404126415433,-1.4229455444209982,0,1
-0.9787284789295674,1,0,0.8975130538776487,-0.038976373501063505,0.6176001580990355,0,1
0.0199740505903989,0,1,-0.1926327295797056,1.528995108418437,-1.507869015579416,2,1
0.0199740505903989,1,0,0.7264757611426121,-1.4492567591099565,0.337582837108831,0,1
0.5193253153503821,1,2,-0.37660245005472837,-0.7206732756827162,0.835111118824098,2,1
-1.4780797436895505,1,2,-0.9325506751438156,-0.4776424044783755,-0.9984204252249852,2,1
0.0199740505903989,0,2,0.343217605951575,1.0382562388684085,1.1890480965555468,1,1
-0.47937721416958423,1,2,1.4919341276151439,1.7746312814301775,-1.624902109901988,1,1
1.0186765801103652,0,1,1.4952534938727666,-0.8606315891707351,1.1966472604366747,2,1
1.5180278448703484,0,2,-0.5406781312959964,1.360306995775015,-0.13349775465811048,2,1
-1.4780797436895505,1,2,0.10339104224611083,1.2071897015433952,-0.9754651791289927,1,1
-1.4780797436895505,0,2,-0.9923199645873872,-0.916758614272622,-1.2661663174008935,0,1
-1.4780797436895505,1,0,1.7257787599007444,-0.3045106499672402,1.5764372218449494,1,1
0.5193253153503821,0,2,1.67546172442476,-0.2682672589198753,-1.4781402282763714,2,1
0.0199740505903989,1,2,0.5257787569755649,1.7245300440218105,-1.0396149365475127,2,1
0.5193253153503821,0,1,1.062832338832604,-1.0701595473727887,-0.523736469722445,0,1
0.0199740505903989,0,1,0.7531824966919783,1.0969035525283661,0.4211486040639273,2,1
0.5193253153503821,0,1,0.330411753892556,-0.5328301501142892,0.15950041623962438,1,1
0.5193253153503821,0,2,-1.5411015609434289,0.8575509496997132,-1.294382026157749,2,0
1.0186765801103652,1,1,-0.14939757901141046,-0.2320314180996878,-0.7252415284787368,0,1
-0.47937721416958423,0,0,0.6134149987332427,0.3229913608602034,-0.9020566973238818,0,1
0.5193253153503821,0,2,0.6229329500807831,1.2141613221119678,-0.9894958892991863,2,1
1.0186765801103652,0,2,-0.43244811698671165,1.1144554973075846,-0.30409896425813554,2,1
-0.9787284789295674,1,2,1.538772692835618,1.3326725311484484,0.7118039872065643,0,1
-0.47937721416958423,0,1,-1.1458340784798786,-1.4952348855625055,-0.9759334644443696,1,0
0.5193253153503821,0,2,0.008679908429073213,0.7214850316359993,-0.4583310430798032,2,1
1.5180278448703484,0,2,0.6692253756320105,-1.2135325874666376,-0.37425765704698855,2,1
-1.4780797436895505,1,2,0.6909003669081901,-0.2467261820532519,1.6567326795053636,1,1
-0.9787284789295674,0,2,0.5227625748587984,0.21864083447961702,1.5811516812463884,2,1
-0.9787284789295674,1,0,-0.7716384177110226,-0.29256922621535913,1.0451559713429877,2,1
1.0186765801103652,0,0,-1.1844925553820835,0.11707546406293612,-0.8919730103612159,2,0
-0.9787284789295674,1,2,0.4787366300989052,1.7886925130559517,-1.4941937739583295,0,1
-0.47937721416958423,0,2,0.351712545833651,-1.2302519709763806,-0.630978812498894,2,1
0.5193253153503821,0,2,-1.1042338155128322,0.6633201944149746,-0.8047880237508687,0,0
0.5193253153503821,1,1,0.7186478162155513,-0.31618817476136485,0.024658305645586295,1,1
1.5180278448703484,0,2,-0.14798426588977898,-1.2379894550658137,0.9674261861494307,2,1
-1.4780797436895505,1,1,0.5890569737643115,-1.14781475828263,1.2469766448023332,1,1
1.0186765801103652,0,2,1.177079926870545,1.6230669408000347,1.2002935091856268,0,1
-1.4780797436895505,0,2,-1.1376124856977519,1.3788633826159693,-0.4826226268416472,0,0
-0.9787284789295674,0,1,-1.6596832563298818,1.4750440065371175,0.6535418384006572,2,0
1.5180278448703484,0,0,0.9750778700771857,1.7711898526804666,-0.6450957334229128,0,1
-1.4780797436895505,0,0,0.38775291416179075,-0.974038422197416,-1.518930905309347,2,1
-0.47937721416958423,1,2,0.6995808752925681,-0.45835934317670346,0.7032498156405342,0,1
0.5193253153503821,1,2,1.1798115468582164,0.6414590465795499,-1.696099099529528,0,1
-0.9787284789295674,0,0,1.0572743308788337,-0.008437904597968397,-0.31090345141834697,0,1
1.5180278448703484,0,1,1.605436413707545,-0.23771477994755064,-0.5877077968196843,2,1
-1.4780797436895505,0,2,0.13202005176706536,-0.45004563624467303,0.6748500136248562,1,1
1.0186765801103652,0,1,-0.032451741412231117,0.37704251689086477,0.9275984118673998,2,1
-0.47937721416958423,1,2,-0.33272177796111985,0.31329517719517647,-0.6754096184923745,1,1
-0.47937721416958423,0,1,-1.1932138428190173,-1.1382772271562898,1.0850080062235343,2,0
-1.4780797436895505,1,0,0.25916181705259334,-0.05071846698186276,-0.7107124131771466,2,1
0.5193253153503821,0,0,-0.7656602597806839,0.2357573354183359,-0.18206723410445433,2,1
-1.4780797436895505,1,1,1.4681000494111651,0.2946955822404964,0.7915365376217539,1,1
-0.9787284789295674,1,2,0.29585488801586357,-0.9677580355720987,0.6732637988819907,1,1
-1.4780797436895505,1,0,0.32930911944483093,0.8975123649034068,1.694581647127819,2,1
-0.47937721416958423,1,2,-0.4955401416608857,-1.615873039560882,-0.9491973160074029,0,1
1.5180278448703484,0,0,-1.5458119612372925,-0.46048860677759085,0.567117160412574,2,0
-1.4780797436895505,1,2,-1.6160030827641594,1.0304989551136503,0.3845448649469616,2,0
0.5193253153503821,1,2,-0.25836210186868147,0.27228413117721495,1.4439071709587945,0,1
1.5180278448703484,1,1,-1.4328714052108555,-0.7888060742594014,-1.1878318752509087,2,0
1.0186765801103652,1,1,0.37787038208779394,0.7316587167837106,0.8774867366770481,2,1
0.0199740505903989,1,2,1.3282609670526397,0.28454493143013326,0.24089946962083505,2,1
-1.4780797436895505,1,2,1.33499319398465,1.086688523922957,-0.777485704393879,2,1
0.5193253153503821,0,2,0.5588415804690887,0.8721139376871007,-0.08457041173728459,0,1
1.5180278448703484,0,2,-0.9937208586814621,0.43427073887163437,-0.5724553052895235,1,1
0.5193253153503821,0,2,1.2659378613720833,0.00689723193205302,0.27920921629939865,2,1
1.0186765801103652,1,0,1.3460134139687587,-1.2373854384758223,1.3533846625990957,1,1
-0.47937721416958423,1,0,-1.044263403736368,-0.7882081613403297,0.2444941974111718,2,0
0.5193253153503821,0,2,0.8305861160318991,-0.23522639532978815,0.46099417930964864,0,1
1.5180278448703484,0,0,-0.7326995591516252,0.3963857646179715,0.06913262575861027,2,1
0.5193253153503821,1,2,1.0566827855276872,0.09638218592506327,-1.5527150206825382,1,1
0.5193253153503821,1,2,1.7313494762631731,-0.6940918655035255,-0.9224977935010139,2,1
0.5193253153503821,1,0,-1.621958529070957,-1.6815395208623878,-0.023638474092852472,1,0
-0.9787284789295674,1,1,1.3850947482374658,0.03515348114053308,-0.6541102787339642,1,1
-0.9787284789295674,1,1,0.4325917921049319,-0.7030597067855717,-1.0997248441781227,0,1
-0.47937721416958423,0,0,1.6486436035174035,0.870652726756585,0.018439283177768107,0,1
-1.4780797436895505,0,2,-0.11387772297127664,-1.6202642892549572,-0.6104945618999862,0,1
0.5193253153503821,0,0,1.2118220546302463,0.34566229372495305,-0.8349192696254367,0,1
1.0186765801103652,0,0,-1.5097389768863825,1.5957313946751315,-0.12081534694196125,2,0
-1.4780797436895505,0,1,-0.5636511567658109,-1.0928816053975212,-1.2678794046067876,1,1
1.0186765801103652,0,0,-1.4937129510466534,-0.05103513832511844,1.4877752926210066,0,0
-1.4780797436895505,0,2,1.6554406749568935,-1.3837574448746626,1.2795090261439113,0,1
-0.47937721416958423,1,2,1.1063771274360321,0.488858595439662,0.7242531895052242,0,1
0.5193253153503821,1,2,1.2297099254056452,0.2254521075780126,-1.3617754100067032,2,1
0.5193253153503821,1,0,1.5258520927095025,-0.27635465466382086,0.9610070356275013,2,1
0.0199740505903989,0,1,-1.4310057933941835,0.12326311635204394,1.0722793985981223,0,0
1.0186765801103652,0,2,-0.3891975834477979,1.4383554271156662,0.932867690567392,0,1
-1.4780797436895505,1,2,-1.4797813920636078,-1.016173122523719,-1.3348867565834783,0,0
-1.4780797436895505,0,2,-0.9952419282329239,-1.6251074260706186,0.5032607185029702,1,1
-0.9787284789295674,1,2,-0.9308507625095064,1.3159943818197337,1.1637371197643156,2,1
0.0199740505903989,0,1,-0.09967108576492777,0.3186356834522972,0.2724107903220225,2,1
1.5180278448703484,1,1,-0.7949575104730047,1.4176187477859392,0.5119301551095639,0,1
1.5180278448703484,1,2,-1.3759687400175822,0.38813461742184435,-0.14031549941460278,1,0
-0.9787284789295674,1,0,-1.1453693055223029,1.1354702053367565,0.10367787280030802,1,0
-0.9787284789295674,1,1,-1.215456205830662,-0.1981642162571399,-1.6109478216878261,0,0
-0.9787284789295674,1,1,1.6475833261779307,0.92411069163081,0.48610880610758717,1,1
1.0186765801103652,1,0,0.9063966447218842,1.4960726699813123,-1.4476804416202482,0,1
1.0186765801103652,0,1,1.6291551538178832,0.3011309701793132,-0.221303019750997,2,1
-0.47937721416958423,0,0,-0.20148504508629209,-1.0705337159818877,-0.7150885940669445,0,1
-0.47937721416958423,1,2,-0.7609591776109127,-0.7620442590654934,0.16167474861284434,2,1
-0.9787284789295674,0,0,1.0416114075872414,-1.0079352560450556,-1.2674212831846177,0,1
0.0199740505903989,0,1,-0.5949411436643822,-0.8389474561638962,0.6688350189803692,0,1
-1.4780797436895505,1,1,-0.6881008865649647,-0.6301912840331952,1.0273758615495665,1,1
1.0186765801103652,1,2,-0.9199636872702166,0.24158279131261234,-1.1635784818995734,1,1
0.0199740505903989,1,0,-1.276463282746749,0.35675168374781113,-1.3683682831994148,2,0
0.5193253153503821,1,2,-0.8369049169304377,-0.2092879487553587,-1.2254543999053558,2,1
1.0186765801103652,0,1,-0.4941703793483568,0.4528926536487711,1.312202019958656,0,1
1.0186765801103652,1,2,0.6106688215627818,-1.4182720573719545,0.10188094575228962,2,1
-0.47937721416958423,0,2,-1.5091469075020043,-1.396493993486756,-0.10945373439214594,2,0
-1.4780797436895505,0,2,-0.9962340468618622,-1.1019239971684354,-1.360048085652222,1,1
-1.4780797436895505,1,2,1.0788136803168753,0.11169807044398926,0.5228514414594794,0,1
1.5180278448703484,0,0,-1.2166822698849056,-0.9541321430791092,1.2805409083657113,0,0
1.5180278448703484,1,2,-0.5381130194527258,-0.7112671159387248,1.1424437506406118,2,1
1.5180278448703484,0,1,1.27170030226849,-0.301074788526292,0.4413352652240272,2,1
1.5180278448703484,1,2,-1.1889346545751764,1.1414464614443178,-1.469076376064162,1,0
0.5193253153503821,0,1,-1.4392109324307771,-1.6556098236382764,-1.340328475795711,2,0
0.5193253153503821,0,2,-0.04617280693398368,0.5719178111552006,-1.5591545100584392,2,1
1.0186765801103652,1,2,-0.6775746466721551,0.6402585655407065,-0.8370990190402533,1,1
-0.9787284789295674,0,1,0.22726948899848773,1.0951433410389964,-1.259633860211192,2,1
-0.47937721416958423,0,2,1.0607203590830823,1.5651626719674545,-0.8281888434265682,2,1
-0.47937721416958423,0,1,-1.250566612555142,-1.6336130380911653,-0.3945813657023778,2,0
1.5180278448703484,0,0,0.28721613601081847,-1.165175550744053,1.5406262520065903,2,1
1.0186765801103652,0,0,0.026532497442438102,1.4018909529382797,0.3869525863004455,1,1
0.0199740505903989,1,1,-1.226539381888123,-0.09705990363399053,1.1659881945050938,0,0
-0.9787284789295674,1,0,0.4373344593370057,0.27472967807316134,0.7337255917634035,0,1
1.0186765801103652,0,2,-0.7773512983918209,0.6197562898866336,-1.3399604476335816,2,1
-0.9787284789295674,1,1,-0.034744506763137076,0.6759754409294844,0.8224134352991875,1,1
-0.9787284789295674,0,1,-1.440821385742519,1.5616136678166954,-0.7759837675991151,0,0
-0.9787284789295674,0,2,-0.13268770618344505,1.7901755364782133,0.4866111435564364,0,1
1.0186765801103652,1,2,-0.6635543139333112,0.8200015861193066,-0.5475322381194857,2,1
1.5180278448703484,1,2,1.125124162705336,-0.6974683538701861,1.730321189989402,2,1
-0.47937721416958423,0,1,-1.5285138786879582,1.3793923165743316,-0.8160368774546365,1,0
-0.47937721416958423,1,1,-0.27475354808888486,-1.53167498688414,-0.7619998701947729,2,1
1.5180278448703484,0,2,-0.13668386644924282,-0.8942439826434146,1.4979261755670779,1,1
-0.9787284789295674,1,1,0.7875261439400163,1.4411982420546257,-1.644705634546693,2,1
0.0199740505903989,0,1,0.2649875363288224,-0.8062294679290019,0.6863360469381885,2,1
-1.4780797436895505,1,1,0.5871561845899036,-0.930801091636391,0.7856672243443984,2,1
1.0186765801103652,0,0,0.9679591095853624,-1.2200593124739203,1.1708608296726724,2,1
-1.4780797436895505,1,0,1.2631855695550263,1.3070455041519036,1.64973579088574,2,1
1.5180278448703484,0,2,-0.637856930302417,0.048539457169536705,1.6537683937557257,2,1
0.0199740505903989,1,0,0.13925781914088142,0.6613473953229682,-1.50376899037233,1,1
1.0186765801103652,0,2,1.1865829249530688,-0.8662541723575982,1.1204302340399976,1,1
